Store,AR Order,MA Order,Diff Order,Seasonal AR Order,Seasonal MA Order,MAPE,MAD,RMSE,R-Squared,AIC,SVD,Residual Info,Train Time,Model
1,1,1,1,0,0,12.92,0.216201,0.262339,-169.33,-211.99836075361642,4,Residuals are correlated.,218.75,SARIMA
1,1,1,1,0,1,6.55,0.109702,0.143385,19.54,-231.6392891781437,4,Residuals are correlated.,2218.75,SARIMA
1,1,1,1,0,2,4.86,0.080315,0.107534,54.75,-237.32974265989995,4,Residuals are correlated.,19078.125,SARIMA
1,1,1,1,0,3,4.2,0.068601,0.094702,64.9,-238.7172954439814,4,Residuals are independent and uncorrelated.,42921.875,SARIMA
1,1,1,1,1,0,3.53,0.058501,0.077935,76.23,-244.31002032558882,4,Residuals are independent and uncorrelated.,3312.5,SARIMA
1,1,1,1,1,1,3.62,0.059563,0.079311,75.38,-242.11000251097346,4,Residuals are independent and uncorrelated.,3921.875,SARIMA
1,1,1,1,1,2,3.73,0.061222,0.081545,73.98,-240.26978584262372,4,Residuals are independent and uncorrelated.,25890.625,SARIMA
1,1,1,1,1,3,3.68,0.06057,0.080359,74.73,-238.3106391377965,4,Residuals are independent and uncorrelated.,44890.625,SARIMA
1,1,1,1,2,0,3.53,0.058494,0.077919,76.24,-242.310645021188,4,Residuals are independent and uncorrelated.,12609.375,SARIMA
1,1,1,1,2,1,3.68,0.060587,0.080197,74.83,-240.2881338919272,4,Residuals are independent and uncorrelated.,14187.5,SARIMA
1,1,1,1,2,2,3.58,0.058757,0.078713,75.75,-237.9534876327977,4,Residuals are independent and uncorrelated.,75046.875,SARIMA
1,1,1,1,2,3,3.66,0.060202,0.079915,75.01,-236.2945841910464,4,Residuals are independent and uncorrelated.,171953.125,SARIMA
1,1,1,1,3,0,3.53,0.058505,0.077927,76.24,-240.31065094526326,4,Residuals are independent and uncorrelated.,71046.875,SARIMA
1,1,1,1,3,1,3.67,0.060408,0.079968,74.97,-238.3106175606253,4,Residuals are independent and uncorrelated.,321828.125,SARIMA
1,1,1,1,3,2,3.68,0.060596,0.080389,74.71,-236.3103662351453,4,Residuals are independent and uncorrelated.,37828.125,SARIMA
1,1,1,1,3,3,3.7,0.060864,0.081032,74.3,-234.3068157087891,4,Residuals are independent and uncorrelated.,186343.75,SARIMA
2,1,1,1,0,0,19.25,0.382056,0.443541,-235.85,-224.917559042386,4,Residuals are independent and uncorrelated.,0.0,SARIMA
2,1,1,1,0,1,9.13,0.181782,0.227601,11.56,-235.48532614169642,4,Residuals are independent and uncorrelated.,109.375,SARIMA
2,1,1,1,0,2,6.16,0.122175,0.160701,55.91,-235.93794185884494,4,Residuals are independent and uncorrelated.,13843.75,SARIMA
2,1,1,1,0,3,5.43,0.107328,0.142479,65.34,-234.27152585144336,4,Residuals are independent and uncorrelated.,35921.875,SARIMA
2,1,1,1,1,0,7.55,0.147246,0.168817,51.35,-238.3353687418879,4,Residuals are independent and uncorrelated.,156.25,SARIMA
2,1,1,1,1,1,6.2,0.122014,0.150319,61.42,-236.271142799826,4,Residuals are independent and uncorrelated.,140.625,SARIMA
2,1,1,1,1,2,6.21,0.122157,0.149201,62.0,-234.37198035581477,4,Residuals are independent and uncorrelated.,12484.375,SARIMA
2,1,1,1,1,3,6.39,0.125675,0.153251,59.91,-232.27580628606935,4,Residuals are independent and uncorrelated.,30703.125,SARIMA
2,1,1,1,2,0,7.87,0.153754,0.175956,47.14,-236.26403329028827,4,Residuals are independent and uncorrelated.,10421.875,SARIMA
2,1,1,1,2,1,6.37,0.125253,0.152273,60.42,-234.2823574821431,4,Residuals are independent and uncorrelated.,15218.75,SARIMA
2,1,1,1,2,2,6.42,0.126213,0.153473,59.79,-232.27194512435815,4,Residuals are independent and uncorrelated.,13500.0,SARIMA
2,1,1,1,2,3,6.42,0.126105,0.152505,60.29,-230.3726438142057,4,Residuals are independent and uncorrelated.,37375.0,SARIMA
2,1,1,1,3,0,7.85,0.153216,0.174899,47.78,-234.3540905574972,4,Residuals are independent and uncorrelated.,61828.125,SARIMA
2,1,1,1,3,1,6.39,0.125688,0.152275,60.41,-232.3731865095818,4,Residuals are independent and uncorrelated.,40531.25,SARIMA
2,1,1,1,3,2,6.38,0.125322,0.151812,60.65,-230.37337830882478,4,Residuals are independent and uncorrelated.,235671.875,SARIMA
2,1,1,1,3,3,6.23,0.122512,0.149237,61.98,-228.36218017683788,4,Residuals are independent and uncorrelated.,103000.0,SARIMA
3,1,1,1,0,0,16.73,0.072778,0.08334,-333.88,-210.40779887051002,4,Residuals are independent and uncorrelated.,0.0,SARIMA
3,1,1,1,0,1,6.7,0.029307,0.038134,9.16,-220.66527627085148,4,Residuals are independent and uncorrelated.,125.0,SARIMA
3,1,1,1,0,2,5.25,0.022978,0.030556,41.67,-219.8104098011839,4,Residuals are independent and uncorrelated.,96937.5,SARIMA
3,1,1,1,0,3,5.36,0.023539,0.031187,39.24,-217.810408141933,4,Residuals are independent and uncorrelated.,224578.125,SARIMA
3,1,1,1,1,0,6.26,0.027457,0.03496,23.65,-221.81042423803623,4,Residuals are independent and uncorrelated.,203.125,SARIMA
3,1,1,1,1,1,5.34,0.023428,0.030985,40.02,-219.81041842029902,4,Residuals are independent and uncorrelated.,359.375,SARIMA
3,1,1,1,1,2,5.36,0.023553,0.031212,39.14,-217.81034649598362,4,Residuals are independent and uncorrelated.,15406.25,SARIMA
3,1,1,1,1,3,5.38,0.023648,0.03135,38.6,-215.8104158297883,4,Residuals are independent and uncorrelated.,64906.25,SARIMA
3,1,1,1,2,0,6.26,0.027454,0.034956,23.67,-219.8104166697044,4,Residuals are independent and uncorrelated.,17234.375,SARIMA
3,1,1,1,2,1,5.38,0.023618,0.031305,38.78,-217.81041783258743,4,Residuals are independent and uncorrelated.,11265.625,SARIMA
3,1,1,1,2,2,5.39,0.023694,0.031421,38.33,-215.81042310410953,4,Residuals are independent and uncorrelated.,13140.625,SARIMA
3,1,1,1,2,3,5.41,0.023766,0.031544,37.84,-213.8104210466726,4,Residuals are independent and uncorrelated.,29218.75,SARIMA
3,1,1,1,3,0,6.27,0.027464,0.03497,23.61,-217.81041456264566,4,Residuals are independent and uncorrelated.,32875.0,SARIMA
3,1,1,1,3,1,5.38,0.023616,0.0313,38.8,-215.8104213084899,4,Residuals are independent and uncorrelated.,50500.0,SARIMA
3,1,1,1,3,2,5.39,0.023685,0.031408,38.38,-213.81041213333225,4,Residuals are independent and uncorrelated.,46234.375,SARIMA
3,1,1,1,3,3,5.41,0.023776,0.031558,37.79,-211.81041751564499,4,Residuals are independent and uncorrelated.,41437.5,SARIMA
4,1,1,0,0,0,15.78,0.357144,0.420939,-141.06,-230.65784213705064,4,Residuals are independent and uncorrelated.,0.0,SARIMA
4,1,1,0,0,1,6.83,0.154814,0.191848,49.93,-236.26120479377428,4,Residuals are independent and uncorrelated.,218.75,SARIMA
4,1,1,0,0,2,5.56,0.123714,0.149833,69.46,-235.1105878188513,4,Residuals are independent and uncorrelated.,9984.375,SARIMA
4,1,1,0,0,3,4.73,0.104655,0.128741,77.45,-229.9688751062189,4,Residuals are independent and uncorrelated.,27578.125,SARIMA
4,1,1,0,1,0,6.08,0.136487,0.160669,64.88,-237.543815836997,4,Residuals are independent and uncorrelated.,93.75,SARIMA
4,1,1,0,1,1,4.64,0.103105,0.123378,79.29,-230.0227310655531,4,Residuals are independent and uncorrelated.,187.5,SARIMA
4,1,1,0,1,2,5.91,0.131987,0.152254,68.46,-231.94603900112156,4,Residuals are independent and uncorrelated.,20078.125,SARIMA
4,1,1,0,1,3,5.6,0.12504,0.145071,71.37,-230.17106110745766,4,Residuals are independent and uncorrelated.,40453.125,SARIMA
4,1,1,0,2,0,8.36,0.185202,0.209947,40.03,-235.57809196751012,4,Residuals are independent and uncorrelated.,17578.125,SARIMA
4,1,1,0,2,1,9.19,0.203857,0.229617,28.27,-235.21351088965793,4,Residuals are independent and uncorrelated.,21953.125,SARIMA
4,1,1,0,2,2,9.18,0.203331,0.228058,29.24,-232.15843787601509,4,Residuals are independent and uncorrelated.,33375.0,SARIMA
4,1,1,0,2,3,7.45,0.165601,0.189193,51.3,-230.15101915933445,4,Residuals are independent and uncorrelated.,67734.375,SARIMA
4,1,1,0,3,0,9.23,0.204701,0.23106,27.37,-235.53727053577268,4,Residuals are independent and uncorrelated.,79546.875,SARIMA
4,1,1,0,3,1,8.78,0.195102,0.221019,33.54,-233.61993692705175,4,Residuals are independent and uncorrelated.,63515.625,SARIMA
4,1,1,0,3,2,7.96,0.176304,0.201795,44.6,-229.25379637445275,4,Residuals are independent and uncorrelated.,44484.375,SARIMA
4,1,1,0,3,3,8.09,0.179949,0.205139,42.75,-229.40272254738983,4,Residuals are independent and uncorrelated.,46000.0,SARIMA
5,1,1,1,0,0,19.77,0.067682,0.077262,-325.66,-217.19731950351536,4,Residuals are independent and uncorrelated.,0.0,SARIMA
5,1,1,1,0,1,9.67,0.033175,0.041247,-21.32,-228.43275885346156,4,Residuals are independent and uncorrelated.,171.875,SARIMA
5,1,1,1,0,2,7.61,0.026058,0.033699,19.02,-227.42597208525868,4,Residuals are independent and uncorrelated.,16406.25,SARIMA
5,1,1,1,0,3,7.76,0.026581,0.034034,17.4,-225.4570232279788,4,Residuals are independent and uncorrelated.,35687.5,SARIMA
5,1,1,1,1,0,8.23,0.028161,0.034801,13.64,-229.4570284052833,4,Residuals are independent and uncorrelated.,187.5,SARIMA
5,1,1,1,1,1,7.82,0.0268,0.034087,17.14,-227.45702666270344,4,Residuals are independent and uncorrelated.,187.5,SARIMA
5,1,1,1,1,2,7.85,0.026895,0.034131,16.93,-225.457027047501,4,Residuals are independent and uncorrelated.,12687.5,SARIMA
5,1,1,1,1,3,7.81,0.026774,0.034077,17.19,-223.45702614321135,4,Residuals are independent and uncorrelated.,32953.125,SARIMA
5,1,1,1,2,0,8.25,0.028216,0.034859,13.35,-227.45695548648942,4,Residuals are independent and uncorrelated.,13078.125,SARIMA
5,1,1,1,2,1,7.85,0.026891,0.034133,16.92,-225.45702535042827,4,Residuals are independent and uncorrelated.,19968.75,SARIMA
5,1,1,1,2,2,7.86,0.026922,0.034146,16.86,-223.45702714813018,4,Residuals are independent and uncorrelated.,12718.75,SARIMA
5,1,1,1,2,3,7.89,0.02703,0.034218,16.51,-221.45701796005164,4,Residuals are independent and uncorrelated.,42296.875,SARIMA
5,1,1,1,3,0,8.22,0.028133,0.03477,13.79,-225.4569913807813,4,Residuals are independent and uncorrelated.,34265.625,SARIMA
5,1,1,1,3,1,7.86,0.026939,0.034143,16.88,-223.45678845439983,4,Residuals are independent and uncorrelated.,38609.375,SARIMA
5,1,1,1,3,2,7.84,0.026871,0.034122,16.98,-221.4570281682222,4,Residuals are independent and uncorrelated.,50281.25,SARIMA
5,1,1,1,3,3,7.89,0.027041,0.034225,16.48,-219.4569652844872,4,Residuals are independent and uncorrelated.,63078.125,SARIMA
6,1,1,1,0,0,22.97,0.371955,0.430516,-269.59,-209.80479020415962,4,Residuals are independent and uncorrelated.,31.25,SARIMA
6,1,1,1,0,1,11.64,0.187157,0.221618,2.06,-227.17918254287562,4,Residuals are independent and uncorrelated.,109.375,SARIMA
6,1,1,1,0,2,8.42,0.133528,0.160488,48.64,-229.40575272078075,4,Residuals are independent and uncorrelated.,16187.5,SARIMA
6,1,1,1,0,3,7.3,0.115012,0.14025,60.78,-227.92396564351307,4,Residuals are independent and uncorrelated.,63578.125,SARIMA
6,1,1,1,1,0,7.44,0.120246,0.145556,57.75,-231.9221397656348,4,Residuals are independent and uncorrelated.,359.375,SARIMA
6,1,1,1,1,1,6.81,0.108875,0.13382,64.29,-229.9240024208268,4,Residuals are independent and uncorrelated.,265.625,SARIMA
6,1,1,1,1,2,6.82,0.108936,0.133765,64.32,-227.9240643487813,4,Residuals are independent and uncorrelated.,37765.625,SARIMA
6,1,1,1,1,3,7.11,0.113879,0.138624,61.68,-225.8941620037884,4,Residuals are independent and uncorrelated.,133140.625,SARIMA
6,1,1,1,2,0,7.46,0.120617,0.145979,57.51,-229.924008647823,4,Residuals are independent and uncorrelated.,24531.25,SARIMA
6,1,1,1,2,1,6.94,0.111144,0.135505,63.39,-227.80544500431668,4,Residuals are independent and uncorrelated.,19750.0,SARIMA
6,1,1,1,2,2,7.01,0.112263,0.136886,62.64,-225.90651036052614,4,Residuals are independent and uncorrelated.,18812.5,SARIMA
6,1,1,1,2,3,6.83,0.109151,0.133832,64.28,-223.92405917403312,4,Residuals are independent and uncorrelated.,41109.375,SARIMA
6,1,1,1,3,0,7.47,0.120657,0.146023,57.48,-227.92396298870727,4,Residuals are independent and uncorrelated.,52140.625,SARIMA
6,1,1,1,3,1,6.83,0.109312,0.133615,64.4,-225.81268569867927,4,Residuals are independent and uncorrelated.,69062.5,SARIMA
6,1,1,1,3,2,6.93,0.110888,0.135384,63.45,-223.88639959873177,4,Residuals are independent and uncorrelated.,44625.0,SARIMA
6,1,1,1,3,3,6.82,0.109335,0.13346,64.48,-221.92246494371665,4,Residuals are independent and uncorrelated.,47515.625,SARIMA
7,1,1,1,0,0,18.17,0.122962,0.159977,-94.69,-129.25747747350334,1,Residuals are independent and uncorrelated.,0.0,SARIMA
7,1,1,1,0,1,10.19,0.065089,0.080539,50.66,-143.6756165400538,1,Residuals are independent and uncorrelated.,46.875,SARIMA
7,1,1,1,0,2,7.14,0.042592,0.054565,77.35,-151.74263172990482,1,Residuals are independent and uncorrelated.,10046.875,SARIMA
7,1,1,1,0,3,7.2,0.041988,0.053258,78.42,-154.9619829649485,1,Residuals are independent and uncorrelated.,29234.375,SARIMA
7,1,1,1,1,0,6.03,0.035361,0.045853,84.01,-161.4122209791908,1,Residuals are independent and uncorrelated.,109.375,SARIMA
7,1,1,1,1,1,7.37,0.043403,0.054118,77.72,-159.41221734023992,1,Residuals are independent and uncorrelated.,125.0,SARIMA
7,1,1,1,1,2,7.66,0.045131,0.056238,75.94,-157.41221407466531,1,Residuals are independent and uncorrelated.,11312.5,SARIMA
7,1,1,1,1,3,7.59,0.044694,0.055692,76.41,-155.41221506465237,1,Residuals are independent and uncorrelated.,22265.625,SARIMA
7,1,1,1,2,0,6.03,0.035368,0.04586,84.0,-159.41222332030097,1,Residuals are independent and uncorrelated.,7937.5,SARIMA
7,1,1,1,2,1,6.73,0.039574,0.049826,81.11,-157.41222062860228,1,Residuals are independent and uncorrelated.,10046.875,SARIMA
7,1,1,1,2,2,7.13,0.041982,0.052455,79.07,-155.4122195849042,1,Residuals are independent and uncorrelated.,10984.375,SARIMA
7,1,1,1,2,3,7.34,0.043209,0.053886,77.91,-153.41221789492383,1,Residuals are independent and uncorrelated.,27046.875,SARIMA
7,1,1,1,3,0,6.03,0.035369,0.045861,84.0,-157.41222108835547,1,Residuals are independent and uncorrelated.,21296.875,SARIMA
7,1,1,1,3,1,6.62,0.038882,0.049119,81.65,-155.41222137066646,1,Residuals are independent and uncorrelated.,35656.25,SARIMA
7,1,1,1,3,2,7.11,0.041822,0.052272,79.21,-153.41221990374078,1,Residuals are independent and uncorrelated.,34859.375,SARIMA
7,1,1,1,3,3,7.54,0.044426,0.055362,76.68,-151.41221469717735,1,Residuals are independent and uncorrelated.,30609.375,SARIMA
8,1,1,1,0,0,11.97,0.116368,0.145629,-89.06,-212.28265427971917,4,Residuals are correlated.,0.0,SARIMA
8,1,1,1,0,1,4.96,0.048418,0.066112,61.04,-233.69218539660693,4,Residuals are correlated.,125.0,SARIMA
8,1,1,1,0,2,3.9,0.037148,0.048321,79.19,-241.46586762967723,4,Residuals are correlated.,12484.375,SARIMA
8,1,1,1,0,3,3.76,0.035374,0.044858,82.06,-243.57196711980623,4,Residuals are correlated.,313281.25,SARIMA
8,1,1,1,1,0,3.03,0.028758,0.037065,87.75,-249.83751874054406,4,Residuals are correlated.,187.5,SARIMA
8,1,1,1,1,1,3.08,0.029128,0.038889,86.52,-247.79546023816522,4,Residuals are correlated.,125.0,SARIMA
8,1,1,1,1,2,3.23,0.030526,0.041145,84.91,-246.93405514416298,4,Residuals are correlated.,13734.375,SARIMA
8,1,1,1,1,3,3.13,0.029544,0.039429,86.14,-243.80690133465203,4,Residuals are correlated.,35000.0,SARIMA
8,1,1,1,2,0,3.18,0.030081,0.039001,86.44,-249.82088546476433,4,Residuals are correlated.,29390.625,SARIMA
8,1,1,1,2,1,3.05,0.028885,0.03914,86.34,-246.3888046201048,4,Residuals are correlated.,101468.75,SARIMA
8,1,1,1,2,2,3.44,0.032367,0.042551,83.86,-246.17916130178298,4,Residuals are correlated.,123500.0,SARIMA
8,1,1,1,2,3,3.43,0.03235,0.042549,83.86,-243.86768870108466,4,Residuals are correlated.,137453.125,SARIMA
8,1,1,1,3,0,3.17,0.030109,0.039886,85.82,-248.09474714110866,4,Residuals are correlated.,197031.25,SARIMA
8,1,1,1,3,1,3.02,0.028618,0.038435,86.83,-243.84197457928406,4,Residuals are correlated.,36375.0,SARIMA
8,1,1,1,3,2,3.14,0.029719,0.040039,85.71,-242.04569301548315,4,Residuals are correlated.,39734.375,SARIMA
8,1,1,1,3,3,3.67,0.034361,0.044404,82.42,-241.41936478849829,4,Residuals are correlated.,110656.25,SARIMA
9,1,1,1,0,0,13.6,0.080872,0.101298,-93.81,-229.20029129194592,4,Residuals are independent and uncorrelated.,15.625,SARIMA
9,1,1,1,0,1,7.2,0.042253,0.053336,46.27,-241.62659538305957,4,Residuals are independent and uncorrelated.,187.5,SARIMA
9,1,1,1,0,2,6.31,0.036268,0.044827,62.05,-241.70041105959456,4,Residuals are independent and uncorrelated.,15828.125,SARIMA
9,1,1,1,0,3,6.0,0.034552,0.04289,65.25,-239.70731871460066,4,Residuals are independent and uncorrelated.,43000.0,SARIMA
9,1,1,1,1,0,4.81,0.028444,0.037881,72.9,-243.65884442964557,4,Residuals are independent and uncorrelated.,93.75,SARIMA
9,1,1,1,1,1,5.38,0.031298,0.039658,70.29,-241.7073209448763,4,Residuals are independent and uncorrelated.,234.375,SARIMA
9,1,1,1,1,2,5.37,0.031241,0.039601,70.38,-239.70732795963346,4,Residuals are independent and uncorrelated.,12625.0,SARIMA
9,1,1,1,1,3,5.44,0.031593,0.039959,69.84,-237.70732034370525,4,Residuals are independent and uncorrelated.,32906.25,SARIMA
9,1,1,1,2,0,4.73,0.027999,0.037333,73.68,-241.70730416425567,4,Residuals are independent and uncorrelated.,9968.75,SARIMA
9,1,1,1,2,1,5.35,0.031124,0.039486,70.55,-239.70731910525342,4,Residuals are independent and uncorrelated.,16453.125,SARIMA
9,1,1,1,2,2,5.39,0.031333,0.039692,70.24,-237.70732670175994,4,Residuals are independent and uncorrelated.,11906.25,SARIMA
9,1,1,1,2,3,5.37,0.031216,0.039577,70.41,-235.7073225472182,4,Residuals are independent and uncorrelated.,30265.625,SARIMA
9,1,1,1,3,0,4.73,0.028003,0.037339,73.67,-239.70730856007566,4,Residuals are independent and uncorrelated.,28281.25,SARIMA
9,1,1,1,3,1,5.35,0.031095,0.039461,70.59,-237.70731583819025,4,Residuals are independent and uncorrelated.,29890.625,SARIMA
9,1,1,1,3,2,5.38,0.031284,0.039643,70.32,-235.70732755229022,4,Residuals are independent and uncorrelated.,47921.875,SARIMA
9,1,1,1,3,3,5.37,0.031214,0.039576,70.42,-233.70732457451078,4,Residuals are independent and uncorrelated.,31937.5,SARIMA
10,1,1,0,0,0,20.85,0.410292,0.496496,-134.04,-229.4342920787057,4,Residuals are independent and uncorrelated.,0.0,SARIMA
10,1,1,0,0,1,11.62,0.228752,0.287917,21.3,-243.20189816061298,4,Residuals are independent and uncorrelated.,62.5,SARIMA
10,1,1,0,0,2,11.03,0.215297,0.266851,32.39,-247.3042097528696,4,Residuals are independent and uncorrelated.,11906.25,SARIMA
10,1,1,0,0,3,9.41,0.18227,0.223025,52.78,-248.02600028765016,4,Residuals are independent and uncorrelated.,28828.125,SARIMA
10,1,1,0,1,0,5.93,0.114476,0.1428,80.64,-252.94838016707365,4,Residuals are independent and uncorrelated.,93.75,SARIMA
10,1,1,0,1,1,6.72,0.129701,0.161109,75.36,-250.88027076460332,4,Residuals are independent and uncorrelated.,218.75,SARIMA
10,1,1,0,1,2,6.41,0.123722,0.154197,77.43,-248.97635692117314,4,Residuals are independent and uncorrelated.,14265.625,SARIMA
10,1,1,0,1,3,6.21,0.119817,0.14805,79.19,-246.99782233447968,4,Residuals are independent and uncorrelated.,43203.125,SARIMA
10,1,1,0,2,0,4.63,0.090533,0.116251,87.17,-251.4966774766662,4,Residuals are independent and uncorrelated.,13859.375,SARIMA
10,1,1,0,2,1,6.13,0.118572,0.147834,79.25,-249.07662149599906,4,Residuals are independent and uncorrelated.,66781.25,SARIMA
10,1,1,0,2,2,4.89,0.095416,0.116647,87.08,-247.55107025026888,4,Residuals are independent and uncorrelated.,66093.75,SARIMA
10,1,1,0,2,3,6.84,0.131395,0.161382,75.27,-244.78883088887682,4,Residuals are independent and uncorrelated.,42984.375,SARIMA
10,1,1,0,3,0,5.61,0.108644,0.13713,82.15,-249.08681042483465,4,Residuals are independent and uncorrelated.,41093.75,SARIMA
10,1,1,0,3,1,5.55,0.107651,0.137066,82.16,-246.98220953832237,4,Residuals are independent and uncorrelated.,43765.625,SARIMA
10,1,1,0,3,2,4.68,0.091446,0.121688,85.94,-245.3586170947164,4,Residuals are independent and uncorrelated.,47750.0,SARIMA
10,1,1,0,3,3,5.59,0.108541,0.138796,81.71,-243.04536097488545,4,Residuals are independent and uncorrelated.,50968.75,SARIMA
11,1,1,1,0,0,17.4,0.248711,0.293758,-184.34,-208.2721770475705,4,Residuals are correlated.,0.0,SARIMA
11,1,1,1,0,1,8.77,0.121827,0.15149,24.38,-221.5070224487216,4,Residuals are correlated.,281.25,SARIMA
11,1,1,1,0,2,8.89,0.119132,0.157193,18.58,-224.62435485025568,4,Residuals are correlated.,12015.625,SARIMA
11,1,1,1,0,3,7.92,0.106481,0.141849,33.7,-223.44915723143941,4,Residuals are correlated.,36125.0,SARIMA
11,1,1,1,1,0,4.59,0.063706,0.084118,76.69,-227.45162518650477,4,Residuals are correlated.,203.125,SARIMA
11,1,1,1,1,1,6.76,0.091314,0.122867,50.26,-225.39839311131328,4,Residuals are correlated.,156.25,SARIMA
11,1,1,1,1,2,6.68,0.090283,0.121757,51.15,-223.44536129356396,4,Residuals are correlated.,35640.625,SARIMA
11,1,1,1,1,3,6.41,0.086788,0.117134,54.79,-221.45232263262133,4,Residuals are correlated.,49640.625,SARIMA
11,1,1,1,2,0,4.55,0.063233,0.083523,77.01,-225.45856284491785,4,Residuals are correlated.,21656.25,SARIMA
11,1,1,1,2,1,5.81,0.079015,0.106352,62.73,-223.4538903870077,4,Residuals are correlated.,23875.0,SARIMA
11,1,1,1,2,2,6.13,0.083107,0.112125,58.58,-221.45297446737422,4,Residuals are correlated.,31296.875,SARIMA
11,1,1,1,2,3,6.04,0.081918,0.110432,59.82,-219.44954577534745,4,Residuals are correlated.,60562.5,SARIMA
11,1,1,1,3,0,4.55,0.063236,0.083529,77.01,-223.45863215696698,4,Residuals are correlated.,57796.875,SARIMA
11,1,1,1,3,1,5.81,0.078991,0.106326,62.75,-221.45390769679048,4,Residuals are correlated.,75515.625,SARIMA
11,1,1,1,3,2,6.12,0.082943,0.111885,58.75,-219.4521795915793,4,Residuals are correlated.,74828.125,SARIMA
11,1,1,1,3,3,5.94,0.08065,0.108659,61.1,-217.4535323178769,4,Residuals are correlated.,80109.375,SARIMA
12,1,1,1,0,0,19.02,0.204295,0.249061,-193.78,-235.7395705871122,4,Residuals are correlated.,203.125,SARIMA
12,1,1,1,0,1,10.85,0.114504,0.140519,6.49,-255.13341509332253,4,Residuals are correlated.,3234.375,SARIMA
12,1,1,1,0,2,8.57,0.08808,0.105791,47.0,-262.3586445415699,4,Residuals are correlated.,22515.625,SARIMA
12,1,1,1,0,3,7.95,0.081349,0.096207,56.17,-265.26268360901855,4,Residuals are correlated.,50687.5,SARIMA
12,1,1,1,1,0,4.81,0.052324,0.07053,76.44,-270.84198396384494,4,Residuals are correlated.,3109.375,SARIMA
12,1,1,1,1,1,6.11,0.063785,0.075838,72.76,-268.9213791334816,4,Residuals are correlated.,171.875,SARIMA
12,1,1,1,1,2,6.06,0.063284,0.075287,73.16,-266.6044240230565,4,Residuals are correlated.,14000.0,SARIMA
12,1,1,1,1,3,6.11,0.063772,0.075682,72.87,-264.83979848424866,4,Residuals are correlated.,35671.875,SARIMA
12,1,1,1,2,0,4.89,0.053302,0.071866,75.54,-269.1073099317726,4,Residuals are correlated.,21203.125,SARIMA
12,1,1,1,2,1,6.16,0.064192,0.076262,72.46,-266.6049976667262,4,Residuals are correlated.,14421.875,SARIMA
12,1,1,1,2,2,6.22,0.064736,0.076769,72.09,-264.90676990423543,4,Residuals are correlated.,15375.0,SARIMA
12,1,1,1,2,3,6.24,0.065001,0.0771,71.85,-262.5901205358772,4,Residuals are correlated.,39921.875,SARIMA
12,1,1,1,3,0,4.89,0.05332,0.07189,75.52,-267.10852564471264,4,Residuals are correlated.,64296.875,SARIMA
12,1,1,1,3,1,6.27,0.065207,0.077339,71.67,-264.7495955348029,4,Residuals are correlated.,59187.5,SARIMA
12,1,1,1,3,2,6.16,0.064192,0.076269,72.45,-262.96403316379264,4,Residuals are correlated.,264125.0,SARIMA
12,1,1,1,3,3,6.18,0.064368,0.076408,72.35,-260.8792266446779,4,Residuals are correlated.,160812.5,SARIMA
13,1,1,1,0,0,18.18,0.384564,0.448598,-154.52,-230.61440247840517,4,Residuals are independent and uncorrelated.,93.75,SARIMA
13,1,1,1,0,1,8.82,0.185679,0.225016,35.96,-241.07606318649368,4,Residuals are independent and uncorrelated.,968.75,SARIMA
13,1,1,1,0,2,7.12,0.147658,0.173348,62.0,-242.66620249855936,4,Residuals are independent and uncorrelated.,72890.625,SARIMA
13,1,1,1,0,3,6.57,0.134814,0.16124,67.12,-241.21142241813658,4,Residuals are independent and uncorrelated.,208062.5,SARIMA
13,1,1,1,1,0,5.67,0.118698,0.150541,71.34,-245.2596213472624,4,Residuals are correlated.,734.375,SARIMA
13,1,1,1,1,1,5.8,0.120156,0.142553,74.3,-243.26088493042505,4,Residuals are correlated.,796.875,SARIMA
13,1,1,1,1,2,5.78,0.119822,0.142308,74.39,-241.26088622215156,4,Residuals are correlated.,36718.75,SARIMA
13,1,1,1,1,3,5.72,0.118792,0.141534,74.66,-239.26069151387918,4,Residuals are correlated.,97968.75,SARIMA
13,1,1,1,2,0,5.69,0.119013,0.150881,71.21,-243.26009406303683,4,Residuals are correlated.,37218.75,SARIMA
13,1,1,1,2,1,5.74,0.118982,0.141646,74.62,-241.25910081584436,4,Residuals are correlated.,47953.125,SARIMA
13,1,1,1,2,2,5.7,0.11834,0.141319,74.74,-239.26075949104865,4,Residuals are correlated.,63953.125,SARIMA
13,1,1,1,2,3,5.67,0.117747,0.141057,74.84,-237.26074863790797,4,Residuals are correlated.,115234.375,SARIMA
13,1,1,1,3,0,5.68,0.118979,0.150847,71.22,-241.25999894462342,4,Residuals are correlated.,105250.0,SARIMA
13,1,1,1,3,1,5.69,0.118261,0.141303,74.75,-239.26079259560436,4,Residuals are correlated.,149296.875,SARIMA
13,1,1,1,3,2,5.7,0.118359,0.141365,74.73,-237.2607800965967,4,Residuals are correlated.,103234.375,SARIMA
13,1,1,1,3,3,5.67,0.117842,0.141113,74.82,-235.26074679761427,4,Residuals are correlated.,92515.625,SARIMA
14,1,1,1,0,0,17.36,0.333498,0.378874,-27.9,-172.56975074687585,4,Residuals are independent and uncorrelated.,0.0,SARIMA
14,1,1,1,0,1,15.52,0.288924,0.323869,6.54,-171.33837374169119,4,Residuals are independent and uncorrelated.,265.625,SARIMA
14,1,1,1,0,2,15.75,0.292485,0.32837,3.92,-169.3383586662358,4,Residuals are independent and uncorrelated.,45546.875,SARIMA
14,1,1,1,0,3,15.4,0.287111,0.321636,7.82,-167.33838844600592,4,Residuals are independent and uncorrelated.,198250.0,SARIMA
14,1,1,1,1,0,14.89,0.279372,0.312087,13.21,-171.33839762510894,4,Residuals are independent and uncorrelated.,1046.875,SARIMA
14,1,1,1,1,1,15.19,0.28391,0.317515,10.17,-169.33839467732,4,Residuals are independent and uncorrelated.,343.75,SARIMA
14,1,1,1,1,2,15.28,0.285321,0.319294,9.16,-167.33839907128407,4,Residuals are independent and uncorrelated.,55890.625,SARIMA
14,1,1,1,1,3,15.27,0.285099,0.319007,9.32,-165.33839596283013,4,Residuals are independent and uncorrelated.,80500.0,SARIMA
14,1,1,1,2,0,14.88,0.279206,0.311899,13.32,-169.33838795135642,4,Residuals are independent and uncorrelated.,25375.0,SARIMA
14,1,1,1,2,1,15.18,0.283743,0.317322,10.28,-167.33839785040647,4,Residuals are independent and uncorrelated.,30546.875,SARIMA
14,1,1,1,2,2,15.21,0.284235,0.317914,9.94,-165.33839654557843,4,Residuals are independent and uncorrelated.,22062.5,SARIMA
14,1,1,1,2,3,15.22,0.284319,0.31804,9.87,-163.33839621922166,4,Residuals are independent and uncorrelated.,92437.5,SARIMA
14,1,1,1,3,0,14.88,0.279277,0.311984,13.27,-167.3383983410268,4,Residuals are independent and uncorrelated.,141000.0,SARIMA
14,1,1,1,3,1,15.2,0.284049,0.317697,10.07,-165.3383987012005,4,Residuals are independent and uncorrelated.,60359.375,SARIMA
14,1,1,1,3,2,15.24,0.28471,0.318511,9.6,-163.33839668383396,4,Residuals are independent and uncorrelated.,68718.75,SARIMA
14,1,1,1,3,3,15.23,0.284556,0.318317,9.72,-161.33839356270036,4,Residuals are independent and uncorrelated.,82609.375,SARIMA
15,1,1,0,0,0,19.2,0.118037,0.14013,-27.53,-183.143573124555,4,Residuals are independent and uncorrelated.,31.25,SARIMA
15,1,1,0,0,1,12.89,0.076239,0.094863,41.56,-192.48014229754392,4,Residuals are independent and uncorrelated.,125.0,SARIMA
15,1,1,0,0,2,12.46,0.072647,0.091884,45.17,-190.85036789514632,4,Residuals are independent and uncorrelated.,20187.5,SARIMA
15,1,1,0,0,3,11.83,0.06946,0.085585,52.43,-186.51535144201463,4,Residuals are independent and uncorrelated.,58546.875,SARIMA
15,1,1,0,1,0,8.6,0.051147,0.061937,75.09,-193.35449399253528,4,Residuals are independent and uncorrelated.,93.75,SARIMA
15,1,1,0,1,1,14.39,0.084105,0.109034,22.79,-190.72455136564915,4,Residuals are independent and uncorrelated.,218.75,SARIMA
15,1,1,0,1,2,11.03,0.064725,0.080142,58.29,-189.28864185291707,4,Residuals are independent and uncorrelated.,21671.875,SARIMA
15,1,1,0,1,3,13.25,0.077352,0.098729,36.7,-187.1444473173683,4,Residuals are independent and uncorrelated.,76203.125,SARIMA
15,1,1,0,2,0,8.45,0.050342,0.061089,75.76,-191.37455916009475,4,Residuals are independent and uncorrelated.,24875.0,SARIMA
15,1,1,0,2,1,13.72,0.08007,0.102424,31.87,-189.13760940607096,4,Residuals are independent and uncorrelated.,28812.5,SARIMA
15,1,1,0,2,2,10.23,0.060231,0.073761,64.67,-187.34506840294284,4,Residuals are independent and uncorrelated.,29390.625,SARIMA
15,1,1,0,2,3,11.7,0.068507,0.085434,52.6,-185.25780878055963,4,Residuals are independent and uncorrelated.,104343.75,SARIMA
15,1,1,0,3,0,8.39,0.049983,0.060688,76.08,-189.38048691883515,4,Residuals are independent and uncorrelated.,93843.75,SARIMA
15,1,1,0,3,1,12.75,0.074516,0.094186,42.39,-187.19761394729662,4,Residuals are independent and uncorrelated.,96109.375,SARIMA
15,1,1,0,3,2,10.23,0.060196,0.073667,64.76,-185.3489651957789,4,Residuals are independent and uncorrelated.,89640.625,SARIMA
15,1,1,0,3,3,12.11,0.070923,0.088969,48.59,-183.22167094086927,4,Residuals are independent and uncorrelated.,127921.875,SARIMA
16,1,1,1,0,0,15.87,0.088733,0.111132,-70.46,-181.6205034450145,4,Residuals are independent and uncorrelated.,46.875,SARIMA
16,1,1,1,0,1,8.66,0.047599,0.060524,49.44,-198.24697938541786,4,Residuals are independent and uncorrelated.,296.875,SARIMA
16,1,1,1,0,2,6.42,0.034419,0.042715,74.82,-203.42457862946446,4,Residuals are independent and uncorrelated.,23515.625,SARIMA
16,1,1,1,0,3,5.75,0.030302,0.038902,79.11,-203.082604428634,4,Residuals are independent and uncorrelated.,70312.5,SARIMA
16,1,1,1,1,0,4.95,0.026387,0.034864,83.22,-207.13899265634626,4,Residuals are independent and uncorrelated.,421.875,SARIMA
16,1,1,1,1,1,5.26,0.027836,0.036019,82.09,-205.13853989890615,4,Residuals are independent and uncorrelated.,437.5,SARIMA
16,1,1,1,1,2,5.29,0.027937,0.036133,81.98,-203.1381325482117,4,Residuals are independent and uncorrelated.,34296.875,SARIMA
16,1,1,1,1,3,5.27,0.027839,0.036026,82.09,-201.1379451851853,4,Residuals are independent and uncorrelated.,51453.125,SARIMA
16,1,1,1,2,0,4.96,0.026403,0.03488,83.21,-205.1396026454586,4,Residuals are independent and uncorrelated.,24312.5,SARIMA
16,1,1,1,2,1,5.22,0.027624,0.035784,82.33,-203.1384390499897,4,Residuals are independent and uncorrelated.,25250.0,SARIMA
16,1,1,1,2,2,5.24,0.027727,0.035902,82.21,-201.13808007575741,4,Residuals are independent and uncorrelated.,39031.25,SARIMA
16,1,1,1,2,3,5.23,0.027657,0.035822,82.29,-199.13795999220721,4,Residuals are independent and uncorrelated.,72781.25,SARIMA
16,1,1,1,3,0,4.96,0.026404,0.034882,83.21,-203.13962307881275,4,Residuals are independent and uncorrelated.,126984.375,SARIMA
16,1,1,1,3,1,5.22,0.027621,0.035781,82.33,-201.13843159397786,4,Residuals are independent and uncorrelated.,96015.625,SARIMA
16,1,1,1,3,2,5.24,0.027721,0.035896,82.22,-199.1380290255049,4,Residuals are independent and uncorrelated.,105390.625,SARIMA
16,1,1,1,3,3,5.23,0.027669,0.035835,82.28,-197.13826004949203,4,Residuals are independent and uncorrelated.,163546.875,SARIMA
17,1,1,1,0,0,7.96,0.079544,0.111701,-3.82,-178.9115657969302,4,Residuals are independent and uncorrelated.,31.25,SARIMA
17,1,1,1,0,1,4.88,0.048132,0.066,63.76,-193.88061129277182,4,Residuals are independent and uncorrelated.,296.875,SARIMA
17,1,1,1,0,2,4.11,0.03994,0.051097,78.28,-201.54290055503154,4,Residuals are independent and uncorrelated.,34718.75,SARIMA
17,1,1,1,0,3,4.27,0.041005,0.052102,77.41,-204.66468107692953,4,Residuals are correlated.,104468.75,SARIMA
17,1,1,1,1,0,3.99,0.038482,0.052183,77.34,-212.1758051683697,4,Residuals are correlated.,2156.25,SARIMA
17,1,1,1,1,1,4.44,0.04288,0.055082,74.76,-210.19719267053745,4,Residuals are correlated.,1015.625,SARIMA
17,1,1,1,1,2,4.45,0.042944,0.054979,74.85,-208.06837854360845,4,Residuals are correlated.,36984.375,SARIMA
17,1,1,1,1,3,4.52,0.043615,0.055901,74.0,-206.17537320788244,4,Residuals are independent and uncorrelated.,91015.625,SARIMA
17,1,1,1,2,0,4.03,0.038795,0.052489,77.08,-210.20572723465708,4,Residuals are correlated.,36734.375,SARIMA
17,1,1,1,2,1,4.56,0.043981,0.056185,73.73,-208.2060622035363,4,Residuals are correlated.,45593.75,SARIMA
17,1,1,1,2,2,4.5,0.043427,0.055551,74.32,-206.19675700077633,4,Residuals are correlated.,38984.375,SARIMA
17,1,1,1,2,3,4.22,0.040802,0.052507,77.06,-203.49225747525495,4,Residuals are correlated.,77218.75,SARIMA
17,1,1,1,3,0,4.03,0.038847,0.052543,77.03,-208.20636360442938,4,Residuals are correlated.,89046.875,SARIMA
17,1,1,1,3,1,4.37,0.042242,0.054079,75.67,-205.76131760499013,4,Residuals are correlated.,84843.75,SARIMA
17,1,1,1,3,2,4.63,0.044659,0.056944,73.02,-204.20615576254949,4,Residuals are correlated.,86953.125,SARIMA
17,1,1,1,3,3,4.56,0.044029,0.056235,73.69,-202.20586968171432,4,Residuals are correlated.,65390.625,SARIMA
18,1,1,0,0,0,13.54,0.149578,0.185825,-18.59,-124.64338611853108,4,Residuals are independent and uncorrelated.,0.0,SARIMA
18,1,1,0,0,1,10.86,0.119144,0.150046,22.68,-123.9494380703025,4,Residuals are independent and uncorrelated.,437.5,SARIMA
18,1,1,0,0,2,13.48,0.146625,0.189307,-23.07,-122.1413541811446,4,Residuals are independent and uncorrelated.,15765.625,SARIMA
18,1,1,0,0,3,14.7,0.159324,0.208831,-49.77,-120.2043077546468,4,Residuals are independent and uncorrelated.,44906.25,SARIMA
18,1,1,0,1,0,10.55,0.116354,0.144446,28.34,-123.95722376792486,4,Residuals are independent and uncorrelated.,546.875,SARIMA
18,1,1,0,1,1,11.29,0.124158,0.154292,18.24,-121.99415785215473,4,Residuals are independent and uncorrelated.,1859.375,SARIMA
18,1,1,0,1,2,14.68,0.15926,0.208936,-49.92,-120.17743171118562,4,Residuals are independent and uncorrelated.,21218.75,SARIMA
18,1,1,0,1,3,14.63,0.158248,0.207646,-48.08,-118.22399808336212,4,Residuals are independent and uncorrelated.,58234.375,SARIMA
18,1,1,0,2,0,18.33,0.196173,0.271654,-153.44,-122.3373734144098,4,Residuals are independent and uncorrelated.,26734.375,SARIMA
18,1,1,0,2,1,17.79,0.191218,0.261416,-134.69,-120.26079552755277,4,Residuals are independent and uncorrelated.,30921.875,SARIMA
18,1,1,0,2,2,16.33,0.175555,0.236491,-92.07,-118.27684130203227,4,Residuals are independent and uncorrelated.,31765.625,SARIMA
18,1,1,0,2,3,17.99,0.192892,0.26485,-140.9,-116.29270759997945,4,Residuals are independent and uncorrelated.,74781.25,SARIMA
18,1,1,0,3,0,18.76,0.200636,0.278959,-167.25,-120.33807129156699,4,Residuals are independent and uncorrelated.,62703.125,SARIMA
18,1,1,0,3,1,17.65,0.189696,0.259088,-130.53,-118.27142890126117,4,Residuals are independent and uncorrelated.,73812.5,SARIMA
18,1,1,0,3,2,18.13,0.194229,0.267517,-145.78,-116.27568864477158,4,Residuals are independent and uncorrelated.,68703.125,SARIMA
18,1,1,0,3,3,18.4,0.197083,0.272237,-154.52,-114.31105716673827,4,Residuals are independent and uncorrelated.,72796.875,SARIMA
19,1,1,0,0,0,14.07,0.205466,0.252088,-52.82,-199.14244982025423,4,Residuals are independent and uncorrelated.,0.0,SARIMA
19,1,1,0,0,1,9.94,0.142922,0.171226,29.5,-213.98362348122586,4,Residuals are independent and uncorrelated.,531.25,SARIMA
19,1,1,0,0,2,8.36,0.118838,0.143308,50.61,-216.43976779958683,4,Residuals are independent and uncorrelated.,15765.625,SARIMA
19,1,1,0,0,3,7.25,0.102655,0.126445,61.55,-215.00839400041875,4,Residuals are independent and uncorrelated.,57125.0,SARIMA
19,1,1,0,1,0,5.01,0.071157,0.088749,81.06,-218.89114370725295,4,Residuals are independent and uncorrelated.,609.375,SARIMA
19,1,1,0,1,1,6.43,0.091169,0.112319,69.66,-216.97877290072412,4,Residuals are independent and uncorrelated.,843.75,SARIMA
19,1,1,0,1,2,6.35,0.090068,0.111688,70.0,-214.97814840339373,4,Residuals are independent and uncorrelated.,18703.125,SARIMA
19,1,1,0,1,3,6.74,0.095461,0.117834,66.61,-212.98728996285044,4,Residuals are independent and uncorrelated.,65515.625,SARIMA
19,1,1,0,2,0,5.93,0.084271,0.1051,73.44,-216.93639781065647,4,Residuals are independent and uncorrelated.,21265.625,SARIMA
19,1,1,0,2,1,6.23,0.088266,0.108891,71.49,-214.96706821670037,4,Residuals are independent and uncorrelated.,51421.875,SARIMA
19,1,1,0,2,2,8.34,0.118053,0.145419,49.15,-213.02651470507342,4,Residuals are independent and uncorrelated.,79812.5,SARIMA
19,1,1,0,2,3,8.06,0.114137,0.139886,52.94,-211.01688529980032,4,Residuals are independent and uncorrelated.,123109.375,SARIMA
19,1,1,0,3,0,6.03,0.085649,0.10688,72.53,-214.9389509222393,4,Residuals are independent and uncorrelated.,150515.625,SARIMA
19,1,1,0,3,1,7.34,0.104059,0.128502,60.29,-213.00100373768407,4,Residuals are independent and uncorrelated.,240625.0,SARIMA
19,1,1,0,3,2,8.68,0.12292,0.152333,44.2,-211.02744908473252,4,Residuals are independent and uncorrelated.,107046.875,SARIMA
19,1,1,0,3,3,8.62,0.122091,0.151221,45.01,-209.02514261501807,4,Residuals are independent and uncorrelated.,205687.5,SARIMA
20,1,1,1,0,0,7.83,0.18332,0.275441,7.12,-175.50608366380766,4,Residuals are independent and uncorrelated.,46.875,SARIMA
20,1,1,1,0,1,5.98,0.133583,0.182426,59.26,-186.13701400739197,4,Residuals are independent and uncorrelated.,718.75,SARIMA
20,1,1,1,0,2,5.59,0.122071,0.171548,63.97,-185.70397377948228,4,Residuals are independent and uncorrelated.,23328.125,SARIMA
20,1,1,1,0,3,5.4,0.117881,0.16737,65.71,-183.79354754279242,4,Residuals are independent and uncorrelated.,56375.0,SARIMA
20,1,1,1,1,0,4.5,0.099593,0.142818,75.03,-189.25328626715324,4,Residuals are independent and uncorrelated.,625.0,SARIMA
20,1,1,1,1,1,4.95,0.108714,0.156127,70.16,-187.26242723360852,4,Residuals are independent and uncorrelated.,578.125,SARIMA
20,1,1,1,1,2,4.52,0.100028,0.143741,74.71,-185.25506658386738,4,Residuals are independent and uncorrelated.,22015.625,SARIMA
20,1,1,1,1,3,5.32,0.116497,0.165252,66.57,-183.26040733115565,4,Residuals are independent and uncorrelated.,67609.375,SARIMA
20,1,1,1,2,0,4.49,0.099548,0.142891,75.0,-187.16950852320406,4,Residuals are independent and uncorrelated.,21531.25,SARIMA
20,1,1,1,2,1,5.54,0.120775,0.171882,63.83,-185.25713748242967,4,Residuals are independent and uncorrelated.,21765.625,SARIMA
20,1,1,1,2,2,5.16,0.112648,0.162304,67.75,-182.8432159581347,4,Residuals are independent and uncorrelated.,26125.0,SARIMA
20,1,1,1,2,3,5.07,0.111151,0.158773,69.14,-181.26717965837022,4,Residuals are independent and uncorrelated.,88593.75,SARIMA
20,1,1,1,3,0,4.46,0.098788,0.142052,75.3,-184.85207717177235,4,Residuals are independent and uncorrelated.,52250.0,SARIMA
20,1,1,1,3,1,5.32,0.116288,0.165467,66.48,-183.2723208376309,4,Residuals are independent and uncorrelated.,67296.875,SARIMA
20,1,1,1,3,2,5.24,0.115362,0.162941,67.5,-180.85429073099618,4,Residuals are independent and uncorrelated.,72750.0,SARIMA
20,1,1,1,3,3,5.12,0.112269,0.160169,68.59,-178.96182768332173,4,Residuals are independent and uncorrelated.,66703.125,SARIMA
21,1,1,1,0,0,16.08,0.120154,0.149683,-25.27,-202.84455794841344,4,Residuals are independent and uncorrelated.,0.0,SARIMA
21,1,1,1,0,1,12.2,0.087545,0.105209,38.11,-210.82476946202758,4,Residuals are independent and uncorrelated.,218.75,SARIMA
21,1,1,1,0,2,11.78,0.083003,0.100266,43.79,-207.41005003783656,4,Residuals are independent and uncorrelated.,17328.125,SARIMA
21,1,1,1,0,3,12.16,0.086724,0.104218,39.27,-207.04542105476912,4,Residuals are independent and uncorrelated.,54359.375,SARIMA
21,1,1,1,1,0,8.54,0.061857,0.073815,69.54,-210.83560993402614,4,Residuals are independent and uncorrelated.,218.75,SARIMA
21,1,1,1,1,1,10.82,0.077479,0.092621,52.03,-208.96716753383294,4,Residuals are independent and uncorrelated.,296.875,SARIMA
21,1,1,1,1,2,10.41,0.074591,0.089363,55.35,-206.96004968102545,4,Residuals are independent and uncorrelated.,26859.375,SARIMA
21,1,1,1,1,3,8.93,0.064595,0.077204,66.67,-204.83846282485592,4,Residuals are independent and uncorrelated.,54984.375,SARIMA
21,1,1,1,2,0,6.53,0.048462,0.059104,80.47,-208.62511843799584,4,Residuals are independent and uncorrelated.,22453.125,SARIMA
21,1,1,1,2,1,9.83,0.070693,0.084758,59.83,-206.92177340226905,4,Residuals are independent and uncorrelated.,25140.625,SARIMA
21,1,1,1,2,2,10.72,0.076838,0.092034,52.64,-204.9503076010076,4,Residuals are independent and uncorrelated.,29078.125,SARIMA
21,1,1,1,2,3,8.15,0.059403,0.071228,71.63,-202.73812444660481,4,Residuals are independent and uncorrelated.,75234.375,SARIMA
21,1,1,1,3,0,6.64,0.049217,0.059821,79.99,-206.6224980811844,4,Residuals are independent and uncorrelated.,64078.125,SARIMA
21,1,1,1,3,1,14.0,0.099416,0.120812,18.39,-205.14409714249143,4,Residuals are independent and uncorrelated.,86625.0,SARIMA
21,1,1,1,3,2,10.02,0.071812,0.086285,58.37,-202.91531087758315,4,Residuals are independent and uncorrelated.,83953.125,SARIMA
21,1,1,1,3,3,8.82,0.063702,0.076476,67.3,-200.81340832649528,4,Residuals are independent and uncorrelated.,87109.375,SARIMA
22,1,1,1,0,0,11.58,0.127596,0.169021,2.18,-180.79453461093723,4,Residuals are independent and uncorrelated.,15.625,SARIMA
22,1,1,1,0,1,7.43,0.079635,0.101759,64.54,-184.43376549113106,4,Residuals are independent and uncorrelated.,265.625,SARIMA
22,1,1,1,0,2,6.94,0.074429,0.095931,68.49,-182.46918338156604,4,Residuals are independent and uncorrelated.,26703.125,SARIMA
22,1,1,1,0,3,7.33,0.078243,0.098788,66.58,-180.46730275234123,4,Residuals are independent and uncorrelated.,66718.75,SARIMA
22,1,1,1,1,0,6.26,0.067845,0.092681,70.59,-184.46917640796545,4,Residuals are independent and uncorrelated.,281.25,SARIMA
22,1,1,1,1,1,6.61,0.071172,0.093882,69.82,-182.46918481015737,4,Residuals are independent and uncorrelated.,484.375,SARIMA
22,1,1,1,1,2,6.52,0.070329,0.09347,70.08,-180.4691845759578,4,Residuals are independent and uncorrelated.,22046.875,SARIMA
22,1,1,1,1,3,6.53,0.070447,0.093524,70.05,-178.46918216836434,4,Residuals are independent and uncorrelated.,99500.0,SARIMA
22,1,1,1,2,0,6.26,0.067829,0.092661,70.6,-182.4691852805507,4,Residuals are independent and uncorrelated.,24609.375,SARIMA
22,1,1,1,2,1,6.57,0.070844,0.093714,69.93,-180.46918417223668,4,Residuals are independent and uncorrelated.,26312.5,SARIMA
22,1,1,1,2,2,6.48,0.069981,0.093332,70.17,-178.46918612049691,4,Residuals are independent and uncorrelated.,25531.25,SARIMA
22,1,1,1,2,3,6.48,0.069913,0.093294,70.2,-176.46918559341972,4,Residuals are independent and uncorrelated.,42578.125,SARIMA
22,1,1,1,3,0,6.26,0.067831,0.092663,70.6,-180.4691856164795,4,Residuals are independent and uncorrelated.,58437.5,SARIMA
22,1,1,1,3,1,6.58,0.070953,0.09377,69.89,-178.46918487019835,4,Residuals are independent and uncorrelated.,62093.75,SARIMA
22,1,1,1,3,2,6.49,0.070056,0.093351,70.16,-176.46918515250672,4,Residuals are independent and uncorrelated.,80093.75,SARIMA
22,1,1,1,3,3,6.48,0.069916,0.093298,70.19,-174.4691856767235,4,Residuals are independent and uncorrelated.,87234.375,SARIMA
23,1,1,1,0,0,17.89,0.261952,0.310434,-40.78,-160.17166818713181,4,Residuals are independent and uncorrelated.,0.0,SARIMA
23,1,1,1,0,1,9.46,0.136728,0.176443,54.52,-162.69056814691945,4,Residuals are independent and uncorrelated.,203.125,SARIMA
23,1,1,1,0,2,8.67,0.126128,0.161285,62.0,-160.6905641047564,4,Residuals are independent and uncorrelated.,18765.625,SARIMA
23,1,1,1,0,3,8.56,0.124775,0.159241,62.96,-158.69056828942644,4,Residuals are independent and uncorrelated.,62921.875,SARIMA
23,1,1,1,1,0,7.87,0.1158,0.148457,67.8,-162.69056807614768,4,Residuals are independent and uncorrelated.,281.25,SARIMA
23,1,1,1,1,1,8.41,0.122826,0.156548,64.2,-160.6905684054136,4,Residuals are independent and uncorrelated.,687.5,SARIMA
23,1,1,1,1,2,8.24,0.120632,0.153477,65.59,-158.69056821153666,4,Residuals are independent and uncorrelated.,13500.0,SARIMA
23,1,1,1,1,3,8.21,0.120235,0.152975,65.81,-156.69056826025738,4,Residuals are independent and uncorrelated.,45578.125,SARIMA
23,1,1,1,2,0,7.86,0.115762,0.148419,67.82,-160.69056710342718,4,Residuals are independent and uncorrelated.,19250.0,SARIMA
23,1,1,1,2,1,8.36,0.122063,0.155435,64.71,-158.69056836171004,4,Residuals are independent and uncorrelated.,16656.25,SARIMA
23,1,1,1,2,2,8.17,0.119745,0.152378,66.08,-156.69056859986776,4,Residuals are independent and uncorrelated.,20546.875,SARIMA
23,1,1,1,2,3,8.16,0.119592,0.152201,66.16,-154.69056875205112,4,Residuals are independent and uncorrelated.,51656.25,SARIMA
23,1,1,1,3,0,7.86,0.115762,0.148418,67.82,-158.69056780378423,4,Residuals are independent and uncorrelated.,57296.875,SARIMA
23,1,1,1,3,1,8.36,0.122079,0.155447,64.7,-156.69056869301596,4,Residuals are independent and uncorrelated.,46031.25,SARIMA
23,1,1,1,3,2,8.17,0.119724,0.152357,66.09,-154.69056829390868,4,Residuals are independent and uncorrelated.,51093.75,SARIMA
23,1,1,1,3,3,8.16,0.119592,0.152201,66.16,-152.6905679633399,4,Residuals are independent and uncorrelated.,59312.5,SARIMA
24,1,1,1,0,0,14.09,0.197477,0.235731,-92.5,-182.62532619235907,4,Residuals are independent and uncorrelated.,0.0,SARIMA
24,1,1,1,0,1,7.16,0.099687,0.120249,49.91,-195.84562104553007,4,Residuals are independent and uncorrelated.,484.375,SARIMA
24,1,1,1,0,2,6.13,0.083532,0.104653,62.06,-196.59796831064065,4,Residuals are independent and uncorrelated.,19921.875,SARIMA
24,1,1,1,0,3,5.83,0.079283,0.10011,65.28,-194.67374632045164,4,Residuals are independent and uncorrelated.,52328.125,SARIMA
24,1,1,1,1,0,5.15,0.071189,0.089012,72.55,-199.24977273375865,4,Residuals are independent and uncorrelated.,671.875,SARIMA
24,1,1,1,1,1,5.84,0.080354,0.098597,66.32,-197.22750298073066,4,Residuals are independent and uncorrelated.,140.625,SARIMA
24,1,1,1,1,2,5.79,0.079816,0.097632,66.98,-195.13813891919116,4,Residuals are independent and uncorrelated.,20125.0,SARIMA
24,1,1,1,1,3,5.66,0.077909,0.095794,68.21,-193.09942448285466,4,Residuals are independent and uncorrelated.,57359.375,SARIMA
24,1,1,1,2,0,5.27,0.072943,0.090674,71.52,-196.95428563441524,4,Residuals are independent and uncorrelated.,24906.25,SARIMA
24,1,1,1,2,1,5.58,0.076517,0.094842,68.84,-194.9559260959466,4,Residuals are independent and uncorrelated.,41703.125,SARIMA
24,1,1,1,2,2,5.88,0.08107,0.099333,65.82,-193.10987268708453,4,Residuals are independent and uncorrelated.,20015.625,SARIMA
24,1,1,1,2,3,5.39,0.073814,0.09056,71.59,-190.676806284275,4,Residuals are independent and uncorrelated.,39828.125,SARIMA
24,1,1,1,3,0,5.17,0.071591,0.08946,72.28,-195.10158529335803,4,Residuals are independent and uncorrelated.,43078.125,SARIMA
24,1,1,1,3,1,5.94,0.081582,0.10022,65.21,-193.21468481435647,4,Residuals are independent and uncorrelated.,57343.75,SARIMA
24,1,1,1,3,2,5.9,0.081209,0.099587,65.64,-191.22846856612858,4,Residuals are independent and uncorrelated.,67484.375,SARIMA
24,1,1,1,3,3,5.8,0.079801,0.098049,66.7,-189.20963003619528,4,Residuals are independent and uncorrelated.,71140.625,SARIMA
25,1,1,1,0,0,16.54,0.120236,0.144135,-40.81,-229.92363083875082,4,Residuals are independent and uncorrelated.,0.0,SARIMA
25,1,1,1,0,1,11.01,0.079717,0.094839,39.04,-230.91129202327298,4,Residuals are independent and uncorrelated.,125.0,SARIMA
25,1,1,1,0,2,10.97,0.079439,0.094818,39.06,-228.91128818997157,4,Residuals are independent and uncorrelated.,13078.125,SARIMA
25,1,1,1,0,3,10.96,0.079415,0.094793,39.1,-226.91128745962624,4,Residuals are independent and uncorrelated.,49406.25,SARIMA
25,1,1,1,1,0,10.86,0.07883,0.095479,38.21,-230.91129182691995,4,Residuals are independent and uncorrelated.,281.25,SARIMA
25,1,1,1,1,1,10.89,0.078955,0.094931,38.92,-228.91129269001192,4,Residuals are independent and uncorrelated.,343.75,SARIMA
25,1,1,1,1,2,10.88,0.0789,0.094969,38.87,-226.91129176555523,4,Residuals are independent and uncorrelated.,10953.125,SARIMA
25,1,1,1,1,3,10.88,0.078903,0.094961,38.88,-224.91129210324402,4,Residuals are independent and uncorrelated.,33875.0,SARIMA
25,1,1,1,2,0,10.86,0.078857,0.095508,38.17,-228.91129392762477,4,Residuals are independent and uncorrelated.,15656.25,SARIMA
25,1,1,1,2,1,10.89,0.078948,0.094948,38.9,-226.91129410525696,4,Residuals are independent and uncorrelated.,14515.625,SARIMA
25,1,1,1,2,2,10.88,0.07889,0.094998,38.83,-224.91129329631272,4,Residuals are independent and uncorrelated.,19187.5,SARIMA
25,1,1,1,2,3,10.87,0.078835,0.094968,38.87,-222.91128696894717,4,Residuals are independent and uncorrelated.,42906.25,SARIMA
25,1,1,1,3,0,10.86,0.078847,0.095497,38.19,-226.9112937959542,4,Residuals are independent and uncorrelated.,63906.25,SARIMA
25,1,1,1,3,1,10.88,0.07893,0.094927,38.92,-224.91129079955505,4,Residuals are independent and uncorrelated.,71593.75,SARIMA
25,1,1,1,3,2,10.88,0.078894,0.094967,38.87,-222.91129250148262,4,Residuals are independent and uncorrelated.,84625.0,SARIMA
25,1,1,1,3,3,10.87,0.078881,0.094998,38.83,-220.91129110048905,4,Residuals are independent and uncorrelated.,84765.625,SARIMA
26,1,1,1,0,0,6.93,0.073708,0.096845,29.68,-201.8026531385214,4,Residuals are correlated.,62.5,SARIMA
26,1,1,1,0,1,5.2,0.054949,0.069768,63.5,-217.48005578430468,4,Residuals are independent and uncorrelated.,687.5,SARIMA
26,1,1,1,0,2,4.78,0.048941,0.062073,71.11,-217.52893943670315,4,Residuals are independent and uncorrelated.,31390.625,SARIMA
26,1,1,1,0,3,5.71,0.057689,0.072561,60.52,-215.70152808781756,4,Residuals are independent and uncorrelated.,63890.625,SARIMA
26,1,1,1,1,0,3.38,0.034742,0.044961,84.84,-219.67318237526334,4,Residuals are independent and uncorrelated.,687.5,SARIMA
26,1,1,1,1,1,4.34,0.044147,0.055395,76.99,-217.81718075837804,4,Residuals are independent and uncorrelated.,1140.625,SARIMA
26,1,1,1,1,2,4.34,0.044153,0.055397,76.99,-215.81712438405137,4,Residuals are independent and uncorrelated.,24812.5,SARIMA
26,1,1,1,1,3,4.5,0.045743,0.057351,75.34,-213.81439872189017,4,Residuals are independent and uncorrelated.,54656.25,SARIMA
26,1,1,1,2,0,3.34,0.034368,0.04436,85.25,-217.812054503827,4,Residuals are independent and uncorrelated.,25859.375,SARIMA
26,1,1,1,2,1,4.55,0.046157,0.057881,74.88,-215.8169361353491,4,Residuals are independent and uncorrelated.,41406.25,SARIMA
26,1,1,1,2,2,4.54,0.046074,0.057796,74.95,-213.8170692699337,4,Residuals are independent and uncorrelated.,49937.5,SARIMA
26,1,1,1,2,3,4.6,0.046683,0.05857,74.28,-211.81715104561889,4,Residuals are independent and uncorrelated.,270984.375,SARIMA
26,1,1,1,3,0,3.33,0.034256,0.044199,85.35,-215.81199967760483,4,Residuals are independent and uncorrelated.,139031.25,SARIMA
26,1,1,1,3,1,4.62,0.046904,0.05887,74.01,-213.81564839137076,4,Residuals are independent and uncorrelated.,240218.75,SARIMA
26,1,1,1,3,2,4.57,0.046422,0.058229,74.58,-211.81715074490828,4,Residuals are independent and uncorrelated.,230468.75,SARIMA
26,1,1,1,3,3,4.64,0.047074,0.059078,73.83,-209.81709070365616,4,Residuals are independent and uncorrelated.,219281.25,SARIMA
27,1,1,1,0,0,12.23,0.217286,0.261035,-23.0,-172.68190027067882,4,Residuals are independent and uncorrelated.,234.375,SARIMA
27,1,1,1,0,1,9.61,0.170262,0.205379,23.86,-171.93438680821637,4,Residuals are independent and uncorrelated.,2375.0,SARIMA
27,1,1,1,0,2,9.72,0.172059,0.206765,22.83,-169.93439096744083,4,Residuals are independent and uncorrelated.,40406.25,SARIMA
27,1,1,1,0,3,9.74,0.172448,0.207084,22.59,-167.93439200045202,4,Residuals are independent and uncorrelated.,55468.75,SARIMA
27,1,1,1,1,0,9.52,0.168821,0.204601,24.44,-171.9343919341807,4,Residuals are independent and uncorrelated.,484.375,SARIMA
27,1,1,1,1,1,9.56,0.169518,0.204919,24.2,-169.93439225681897,4,Residuals are independent and uncorrelated.,1406.25,SARIMA
27,1,1,1,1,2,9.62,0.170425,0.205474,23.79,-167.93439221748008,4,Residuals are independent and uncorrelated.,34609.375,SARIMA
27,1,1,1,1,3,9.62,0.170506,0.205525,23.75,-165.93439223859676,4,Residuals are independent and uncorrelated.,76656.25,SARIMA
27,1,1,1,2,0,9.52,0.168831,0.204613,24.43,-169.93439208431784,4,Residuals are independent and uncorrelated.,32796.875,SARIMA
27,1,1,1,2,1,9.58,0.169833,0.205107,24.06,-167.93439147627922,4,Residuals are independent and uncorrelated.,25328.125,SARIMA
27,1,1,1,2,2,9.63,0.170668,0.20564,23.67,-165.93439197371157,4,Residuals are independent and uncorrelated.,36015.625,SARIMA
27,1,1,1,2,3,9.64,0.170784,0.205727,23.6,-163.93439209677894,4,Residuals are independent and uncorrelated.,63515.625,SARIMA
27,1,1,1,3,0,9.52,0.168898,0.204678,24.38,-167.9343864297284,4,Residuals are independent and uncorrelated.,96953.125,SARIMA
27,1,1,1,3,1,9.58,0.16979,0.205061,24.09,-165.934391888394,4,Residuals are independent and uncorrelated.,62046.875,SARIMA
27,1,1,1,3,2,9.64,0.170713,0.205674,23.64,-163.9343920562643,4,Residuals are independent and uncorrelated.,66125.0,SARIMA
27,1,1,1,3,3,9.64,0.170857,0.20579,23.55,-161.93439225445428,4,Residuals are independent and uncorrelated.,69375.0,SARIMA
28,1,1,1,0,0,10.04,0.142095,0.1887,-5.34,-117.7825220452512,4,Residuals are correlated.,31.25,SARIMA
28,1,1,1,0,1,7.2,0.095502,0.119512,57.75,-144.6473139972569,4,Residuals are correlated.,812.5,SARIMA
28,1,1,1,0,2,6.58,0.087214,0.109588,64.47,-154.47506321230622,4,Residuals are correlated.,24125.0,SARIMA
28,1,1,1,0,3,7.43,0.097217,0.119154,58.0,-158.29956313921235,4,Residuals are correlated.,65296.875,SARIMA
28,1,1,1,1,0,5.88,0.078867,0.104681,67.58,-164.71118515152847,4,Residuals are correlated.,546.875,SARIMA
28,1,1,1,1,1,7.03,0.092869,0.116735,59.69,-162.7037030053759,4,Residuals are correlated.,1828.125,SARIMA
28,1,1,1,1,2,7.2,0.094948,0.119016,58.1,-160.7138531101563,4,Residuals are correlated.,23921.875,SARIMA
28,1,1,1,1,3,7.15,0.094337,0.118318,58.59,-158.7138540255642,4,Residuals are correlated.,70859.375,SARIMA
28,1,1,1,2,0,5.88,0.078917,0.104679,67.58,-162.7044923378863,4,Residuals are correlated.,28703.125,SARIMA
28,1,1,1,2,1,7.07,0.093347,0.117085,59.44,-160.70236850574005,4,Residuals are correlated.,30781.25,SARIMA
28,1,1,1,2,2,7.05,0.093081,0.116919,59.56,-158.71385946049463,4,Residuals are correlated.,36562.5,SARIMA
28,1,1,1,2,3,7.02,0.092709,0.116518,59.84,-156.7138629415047,4,Residuals are correlated.,66218.75,SARIMA
28,1,1,1,3,0,5.87,0.078781,0.104618,67.62,-160.71386421032113,4,Residuals are correlated.,111140.625,SARIMA
28,1,1,1,3,1,6.95,0.091875,0.115634,60.44,-158.71383034743562,4,Residuals are correlated.,76828.125,SARIMA
28,1,1,1,3,2,7.07,0.093291,0.11715,59.4,-156.71386153424703,4,Residuals are correlated.,107375.0,SARIMA
28,1,1,1,3,3,7.03,0.092907,0.116732,59.69,-154.71386066151484,4,Residuals are correlated.,65937.5,SARIMA
29,1,1,0,0,0,19.8,0.108838,0.12849,-60.39,-175.63129017545427,4,Residuals are independent and uncorrelated.,0.0,SARIMA
29,1,1,0,0,1,11.54,0.061787,0.075008,45.34,-180.3089266164079,4,Residuals are independent and uncorrelated.,265.625,SARIMA
29,1,1,0,0,2,9.15,0.048768,0.061271,63.53,-175.93436473879385,4,Residuals are independent and uncorrelated.,20968.75,SARIMA
29,1,1,0,0,3,11.45,0.061568,0.074883,45.52,-175.22903868886934,4,Residuals are independent and uncorrelated.,56203.125,SARIMA
29,1,1,0,1,0,10.67,0.057724,0.070346,51.92,-180.46264791774377,4,Residuals are independent and uncorrelated.,968.75,SARIMA
29,1,1,0,1,1,11.83,0.063371,0.076554,43.06,-178.32622072802442,4,Residuals are independent and uncorrelated.,406.25,SARIMA
29,1,1,0,1,2,11.66,0.062606,0.075685,44.35,-176.33600887585774,4,Residuals are independent and uncorrelated.,22265.625,SARIMA
29,1,1,0,1,3,11.39,0.060969,0.073993,46.81,-174.30471578972174,4,Residuals are independent and uncorrelated.,60765.625,SARIMA
29,1,1,0,2,0,10.87,0.059283,0.072309,49.2,-178.5647153559941,4,Residuals are independent and uncorrelated.,25500.0,SARIMA
29,1,1,0,2,1,25.84,0.13537,0.176531,-202.75,-173.16323224725528,4,Residuals are independent and uncorrelated.,26718.75,SARIMA
29,1,1,0,2,2,14.06,0.074651,0.092005,17.76,-174.1382668274783,4,Residuals are independent and uncorrelated.,27468.75,SARIMA
29,1,1,0,2,3,12.73,0.067277,0.086284,27.67,-170.64600374386347,4,Residuals are independent and uncorrelated.,74796.875,SARIMA
29,1,1,0,3,0,10.64,0.058171,0.07143,50.43,-176.61645320885293,4,Residuals are independent and uncorrelated.,66640.625,SARIMA
29,1,1,0,3,1,13.92,0.073652,0.095798,10.84,-173.42159547552106,4,Residuals are independent and uncorrelated.,79140.625,SARIMA
29,1,1,0,3,2,22.58,0.118361,0.15159,-123.25,-169.79744867650544,4,Residuals are independent and uncorrelated.,80421.875,SARIMA
29,1,1,0,3,3,15.69,0.082566,0.106646,-10.49,-168.88562172883152,4,Residuals are independent and uncorrelated.,92859.375,SARIMA
30,1,1,0,0,0,3.4,0.015167,0.019444,-38.86,-319.35415425282815,4,Residuals are independent and uncorrelated.,0.0,SARIMA
30,1,1,0,0,1,4.54,0.020031,0.024075,-112.89,-314.81139834061344,4,Residuals are independent and uncorrelated.,328.125,SARIMA
30,1,1,0,0,2,5.12,0.022499,0.028351,-195.22,-308.1233052133516,4,Residuals are independent and uncorrelated.,22953.125,SARIMA
30,1,1,0,0,3,5.21,0.022558,0.027651,-180.82,-292.89118866911275,4,Residuals are independent and uncorrelated.,52781.25,SARIMA
30,1,1,0,1,0,3.93,0.01705,0.020502,-54.39,-311.83321349862393,4,Residuals are independent and uncorrelated.,328.125,SARIMA
30,1,1,0,1,1,6.06,0.026258,0.030637,-244.74,-284.6881121965504,4,Residuals are independent and uncorrelated.,406.25,SARIMA
30,1,1,0,1,2,7.4,0.03205,0.038444,-442.82,-303.6064311516251,4,Residuals are independent and uncorrelated.,26156.25,SARIMA
30,1,1,0,1,3,3.98,0.017147,0.021692,-72.82,-304.04703399156165,4,Residuals are independent and uncorrelated.,71328.125,SARIMA
30,1,1,0,2,0,5.21,0.022501,0.026362,-155.24,-292.185388620297,4,Residuals are independent and uncorrelated.,23718.75,SARIMA
30,1,1,0,2,1,5.22,0.022544,0.028046,-188.88,-294.92930800025886,4,Residuals are independent and uncorrelated.,28812.5,SARIMA
30,1,1,0,2,2,3.62,0.015664,0.019796,-43.94,-285.1892223715091,4,Residuals are independent and uncorrelated.,28656.25,SARIMA
30,1,1,0,2,3,3.27,0.014193,0.01698,-5.89,-303.59504954492206,4,Residuals are independent and uncorrelated.,77671.875,SARIMA
30,1,1,0,3,0,4.56,0.0197,0.023094,-95.88,-292.674733040927,4,Residuals are independent and uncorrelated.,64500.0,SARIMA
30,1,1,0,3,1,3.78,0.016325,0.020239,-50.44,-305.07833057868737,4,Residuals are independent and uncorrelated.,80203.125,SARIMA
30,1,1,0,3,2,3.9,0.016957,0.01978,-43.7,-304.7927822753252,4,Residuals are independent and uncorrelated.,87437.5,SARIMA
30,1,1,0,3,3,3.42,0.015213,0.019047,-33.24,-307.20816657703404,4,Residuals are independent and uncorrelated.,99625.0,SARIMA
31,1,1,0,0,0,14.04,0.202069,0.233841,-225.88,-263.0822654619179,4,Residuals are correlated.,0.0,SARIMA
31,1,1,0,0,1,6.74,0.097007,0.123516,9.08,-278.7286699023182,4,Residuals are correlated.,468.75,SARIMA
31,1,1,0,0,2,5.31,0.075807,0.095891,45.2,-281.9124043375112,4,Residuals are correlated.,23437.5,SARIMA
31,1,1,0,0,3,4.31,0.061495,0.075899,65.67,-280.90941499243417,4,Residuals are correlated.,53437.5,SARIMA
31,1,1,0,1,0,2.51,0.03607,0.049619,85.33,-285.89928670846365,4,Residuals are correlated.,203.125,SARIMA
31,1,1,0,1,1,3.63,0.05186,0.065395,74.51,-283.0973089599402,4,Residuals are correlated.,1421.875,SARIMA
31,1,1,0,1,2,3.59,0.051401,0.065882,74.13,-281.0658366114787,4,Residuals are correlated.,21875.0,SARIMA
31,1,1,0,1,3,3.46,0.049645,0.064649,75.09,-279.11887337570164,4,Residuals are correlated.,50265.625,SARIMA
31,1,1,0,2,0,3.08,0.044168,0.056382,81.05,-284.4431272841976,4,Residuals are correlated.,20125.0,SARIMA
31,1,1,0,2,1,3.54,0.050591,0.062233,76.92,-282.4778905347502,4,Residuals are correlated.,25781.25,SARIMA
31,1,1,0,2,2,3.16,0.045272,0.057712,80.15,-279.87950203431643,4,Residuals are correlated.,26171.875,SARIMA
31,1,1,0,2,3,2.84,0.04089,0.056058,81.27,-277.5592652584631,4,Residuals are correlated.,76234.375,SARIMA
31,1,1,0,3,0,3.46,0.049457,0.061281,77.62,-282.6198274759386,4,Residuals are correlated.,69000.0,SARIMA
31,1,1,0,3,1,2.64,0.038097,0.051912,83.94,-280.188357829599,4,Residuals are correlated.,79359.375,SARIMA
31,1,1,0,3,2,2.6,0.037404,0.052293,83.7,-277.55329788872376,4,Residuals are correlated.,87062.5,SARIMA
31,1,1,0,3,3,3.02,0.043368,0.056324,81.09,-276.42157209106557,4,Residuals are correlated.,85250.0,SARIMA
32,1,1,1,0,0,13.47,0.164887,0.195987,-73.08,-266.50108747032516,4,Residuals are independent and uncorrelated.,62.5,SARIMA
32,1,1,1,0,1,6.51,0.079498,0.093932,60.24,-273.6328634523547,4,Residuals are correlated.,1500.0,SARIMA
32,1,1,1,0,2,5.29,0.063708,0.076359,73.73,-273.8024802504019,4,Residuals are correlated.,19421.875,SARIMA
32,1,1,1,0,3,4.98,0.059735,0.072562,76.27,-271.9876411963752,4,Residuals are correlated.,62359.375,SARIMA
32,1,1,1,1,0,3.71,0.044848,0.05626,85.74,-276.2557088730646,4,Residuals are correlated.,1031.25,SARIMA
32,1,1,1,1,1,3.79,0.045832,0.057565,85.07,-278.1010400850936,4,Residuals are independent and uncorrelated.,578.125,SARIMA
32,1,1,1,1,2,3.76,0.045369,0.057668,85.01,-276.45865856541457,4,Residuals are independent and uncorrelated.,26078.125,SARIMA
32,1,1,1,1,3,4.36,0.052558,0.062982,82.13,-270.02840206566674,4,Residuals are correlated.,35375.0,SARIMA
32,1,1,1,2,0,3.92,0.047646,0.059903,83.83,-274.01892690559396,4,Residuals are correlated.,8828.125,SARIMA
32,1,1,1,2,1,4.47,0.053666,0.064311,81.36,-272.83188230405403,4,Residuals are independent and uncorrelated.,75578.125,SARIMA
32,1,1,1,2,2,3.88,0.046578,0.058689,84.48,-272.6040178437071,4,Residuals are independent and uncorrelated.,105937.5,SARIMA
32,1,1,1,2,3,3.88,0.046829,0.058492,84.58,-270.8774004979271,4,Residuals are independent and uncorrelated.,115796.875,SARIMA
32,1,1,1,3,0,3.34,0.04073,0.052968,87.36,-274.50653608915997,4,Residuals are independent and uncorrelated.,289281.25,SARIMA
32,1,1,1,3,1,3.93,0.047211,0.060259,83.64,-273.2626826627353,4,Residuals are independent and uncorrelated.,259031.25,SARIMA
32,1,1,1,3,2,4.01,0.047821,0.060164,83.69,-268.3751875135377,4,Residuals are correlated.,191765.625,SARIMA
32,1,1,1,3,3,4.32,0.05186,0.06341,81.88,-270.31161109399915,4,Residuals are independent and uncorrelated.,142625.0,SARIMA
33,1,1,0,0,0,6.71,0.018196,0.022518,-31.77,-194.86248101324932,1,Residuals are independent and uncorrelated.,0.0,SARIMA
33,1,1,0,0,1,4.93,0.01322,0.016454,29.64,-216.3174581607491,1,Residuals are independent and uncorrelated.,93.75,SARIMA
33,1,1,0,0,2,5.0,0.01322,0.016153,32.2,-220.08243441762374,1,Residuals are independent and uncorrelated.,10437.5,SARIMA
33,1,1,0,0,3,5.48,0.01446,0.01735,21.77,-219.65926939663092,1,Residuals are independent and uncorrelated.,35015.625,SARIMA
33,1,1,0,1,0,3.55,0.009429,0.012105,61.92,-223.82428499619,1,Residuals are independent and uncorrelated.,218.75,SARIMA
33,1,1,0,1,1,4.64,0.012223,0.014874,42.51,-221.76770972818537,1,Residuals are independent and uncorrelated.,234.375,SARIMA
33,1,1,0,1,2,4.45,0.011726,0.014356,46.44,-219.77261995502946,1,Residuals are independent and uncorrelated.,25796.875,SARIMA
33,1,1,0,1,3,4.61,0.012164,0.014823,42.9,-217.84282698059124,1,Residuals are independent and uncorrelated.,36546.875,SARIMA
33,1,1,0,2,0,6.25,0.01655,0.021169,-16.45,-222.47429726243118,1,Residuals are independent and uncorrelated.,8906.25,SARIMA
33,1,1,0,2,1,10.98,0.028568,0.037388,-263.25,-215.8189923913357,1,Residuals are independent and uncorrelated.,28703.125,SARIMA
33,1,1,0,2,2,7.16,0.018755,0.023128,-39.01,-218.14363040190685,1,Residuals are independent and uncorrelated.,15359.375,SARIMA
33,1,1,0,2,3,4.81,0.012599,0.015322,38.99,-216.65935738993076,1,Residuals are independent and uncorrelated.,51296.875,SARIMA
33,1,1,0,3,0,5.53,0.014586,0.018174,14.17,-220.63906500226605,1,Residuals are independent and uncorrelated.,44156.25,SARIMA
33,1,1,0,3,1,10.75,0.027975,0.036707,-250.14,-213.99489574544987,1,Residuals are independent and uncorrelated.,47546.875,SARIMA
33,1,1,0,3,2,7.16,0.018726,0.02316,-39.39,-216.21620855568693,1,Residuals are independent and uncorrelated.,85156.25,SARIMA
33,1,1,0,3,3,5.14,0.013445,0.016339,30.63,-214.6346340818643,1,Residuals are independent and uncorrelated.,76234.375,SARIMA
34,1,1,1,0,0,14.83,0.150151,0.184887,-182.48,-239.33713481775754,4,Residuals are independent and uncorrelated.,0.0,SARIMA
34,1,1,1,0,1,7.51,0.075775,0.093667,27.5,-247.6196059673416,4,Residuals are independent and uncorrelated.,734.375,SARIMA
34,1,1,1,0,2,5.06,0.050964,0.063772,66.39,-248.50220442295267,4,Residuals are independent and uncorrelated.,18921.875,SARIMA
34,1,1,1,0,3,5.69,0.057297,0.071129,58.19,-244.7944781090158,4,Residuals are independent and uncorrelated.,52812.5,SARIMA
34,1,1,1,1,0,4.89,0.049233,0.061162,69.09,-250.6463418662674,4,Residuals are independent and uncorrelated.,1031.25,SARIMA
34,1,1,1,1,1,4.65,0.046943,0.059071,71.17,-248.64618397149115,4,Residuals are independent and uncorrelated.,703.125,SARIMA
34,1,1,1,1,2,4.65,0.046906,0.059026,71.21,-246.64634366981585,4,Residuals are independent and uncorrelated.,28703.125,SARIMA
34,1,1,1,1,3,4.66,0.047061,0.059255,70.98,-244.64603056857618,4,Residuals are independent and uncorrelated.,62593.75,SARIMA
34,1,1,1,2,0,4.89,0.049271,0.061205,69.04,-248.64610318495818,4,Residuals are independent and uncorrelated.,28937.5,SARIMA
34,1,1,1,2,1,4.65,0.046923,0.059066,71.17,-246.64633400489862,4,Residuals are independent and uncorrelated.,51593.75,SARIMA
34,1,1,1,2,2,4.65,0.046927,0.059209,71.03,-244.64577664536262,4,Residuals are independent and uncorrelated.,36468.75,SARIMA
34,1,1,1,2,3,4.67,0.047091,0.059402,70.84,-242.64634418590828,4,Residuals are independent and uncorrelated.,164062.5,SARIMA
34,1,1,1,3,0,4.3,0.043285,0.05357,76.28,-246.00856993442687,4,Residuals are independent and uncorrelated.,182687.5,SARIMA
34,1,1,1,3,1,4.65,0.046925,0.059063,71.17,-244.64633757908666,4,Residuals are independent and uncorrelated.,102453.125,SARIMA
34,1,1,1,3,2,4.64,0.046858,0.059114,71.12,-242.64575376378588,4,Residuals are independent and uncorrelated.,105609.375,SARIMA
34,1,1,1,3,3,4.66,0.047043,0.059323,70.92,-240.6463417615546,4,Residuals are independent and uncorrelated.,146500.0,SARIMA
35,1,1,2,0,0,40.72,0.344588,0.365447,-302.01,-188.10691030324162,4,Residuals are independent and uncorrelated.,46.875,SARIMA
35,1,1,2,0,1,17.71,0.149117,0.169356,13.67,-190.26255435223814,4,Residuals are independent and uncorrelated.,1046.875,SARIMA
35,1,1,2,0,2,21.38,0.180272,0.19895,-19.14,-188.47368795219072,4,Residuals are independent and uncorrelated.,41140.625,SARIMA
35,1,1,2,0,3,18.94,0.159657,0.183928,-1.83,-186.47622075267097,4,Residuals are independent and uncorrelated.,125265.625,SARIMA
35,1,1,2,1,0,24.99,0.210881,0.22744,-55.71,-190.47286244250088,4,Residuals are independent and uncorrelated.,1015.625,SARIMA
35,1,1,2,1,1,22.95,0.193572,0.210369,-33.21,-188.47205019406601,4,Residuals are independent and uncorrelated.,765.625,SARIMA
35,1,1,2,1,2,21.07,0.177679,0.196796,-16.58,-186.47366613960338,4,Residuals are independent and uncorrelated.,51218.75,SARIMA
35,1,1,2,1,3,18.38,0.154835,0.180862,1.53,-184.4800055823998,4,Residuals are independent and uncorrelated.,61828.125,SARIMA
35,1,1,2,2,0,24.81,0.209352,0.22585,-53.54,-188.46775958907344,4,Residuals are independent and uncorrelated.,20906.25,SARIMA
35,1,1,2,2,1,19.09,0.160865,0.184543,-2.51,-186.47931391039103,4,Residuals are independent and uncorrelated.,30937.5,SARIMA
35,1,1,2,2,2,19.96,0.168309,0.189027,-7.56,-184.46477444828952,4,Residuals are independent and uncorrelated.,24218.75,SARIMA
35,1,1,2,2,3,17.33,0.145903,0.171654,11.31,-182.44812245053595,4,Residuals are independent and uncorrelated.,65765.625,SARIMA
35,1,1,2,3,0,25.17,0.212361,0.228964,-57.81,-186.47653807196616,4,Residuals are independent and uncorrelated.,70609.375,SARIMA
35,1,1,2,3,1,19.82,0.167118,0.188138,-6.55,-184.4671534191768,4,Residuals are independent and uncorrelated.,72250.0,SARIMA
35,1,1,2,3,2,19.6,0.165256,0.18635,-4.53,-182.46017198563646,4,Residuals are independent and uncorrelated.,76921.875,SARIMA
35,1,1,2,3,3,16.53,0.138896,0.16591,17.14,-180.44113337838616,4,Residuals are independent and uncorrelated.,88156.25,SARIMA
36,1,1,1,0,0,8.0,0.02385,0.02838,-129.98,-259.8365484229296,1,Residuals are independent and uncorrelated.,78.125,SARIMA
36,1,1,1,0,1,3.3,0.010276,0.012328,56.6,-271.60622617345723,1,Residuals are independent and uncorrelated.,1343.75,SARIMA
36,1,1,1,0,2,3.58,0.011239,0.014008,43.97,-270.2666226214884,1,Residuals are independent and uncorrelated.,14875.0,SARIMA
36,1,1,1,0,3,3.76,0.011832,0.01476,37.79,-268.2666110059894,1,Residuals are independent and uncorrelated.,31250.0,SARIMA
36,1,1,1,1,0,2.85,0.008915,0.011081,64.94,-272.266626554062,1,Residuals are independent and uncorrelated.,2171.875,SARIMA
36,1,1,1,1,1,3.25,0.010199,0.012744,53.63,-270.2666228042589,1,Residuals are independent and uncorrelated.,2187.5,SARIMA
36,1,1,1,1,2,3.35,0.010525,0.013118,50.86,-268.2666239553139,1,Residuals are independent and uncorrelated.,20343.75,SARIMA
36,1,1,1,1,3,3.49,0.01097,0.013662,46.7,-266.26662475654933,1,Residuals are independent and uncorrelated.,60718.75,SARIMA
36,1,1,1,2,0,2.85,0.008915,0.011082,64.93,-270.26662623360323,1,Residuals are independent and uncorrelated.,11984.375,SARIMA
36,1,1,1,2,1,3.21,0.01007,0.012601,54.66,-268.2666255873961,1,Residuals are independent and uncorrelated.,18734.375,SARIMA
36,1,1,1,2,2,3.32,0.010436,0.013013,51.65,-266.2666263027078,1,Residuals are independent and uncorrelated.,19109.375,SARIMA
36,1,1,1,2,3,3.47,0.010922,0.013601,47.18,-264.26662195377673,1,Residuals are independent and uncorrelated.,71421.875,SARIMA
36,1,1,1,3,0,2.85,0.008915,0.011081,64.94,-268.2666225356886,1,Residuals are independent and uncorrelated.,28281.25,SARIMA
36,1,1,1,3,1,3.2,0.010062,0.012593,54.72,-266.2666230529273,1,Residuals are independent and uncorrelated.,52078.125,SARIMA
36,1,1,1,3,2,3.33,0.010478,0.013062,51.28,-264.2666247119556,1,Residuals are independent and uncorrelated.,48093.75,SARIMA
36,1,1,1,3,3,3.49,0.010971,0.013663,46.69,-262.2666236548002,1,Residuals are independent and uncorrelated.,59703.125,SARIMA
37,1,1,1,0,0,3.2,0.017125,0.02259,0.86,-326.60705959777357,4,Residuals are independent and uncorrelated.,265.625,SARIMA
37,1,1,1,0,1,2.69,0.014185,0.017935,37.52,-341.29619078630384,4,Residuals are independent and uncorrelated.,1515.625,SARIMA
37,1,1,1,0,2,2.77,0.014536,0.018097,36.38,-341.6029803621768,4,Residuals are independent and uncorrelated.,18656.25,SARIMA
37,1,1,1,0,3,2.69,0.014133,0.017625,39.65,-339.59949671164316,4,Residuals are independent and uncorrelated.,57062.5,SARIMA
37,1,1,1,1,0,2.36,0.012439,0.015401,53.92,-343.52223581544683,4,Residuals are independent and uncorrelated.,218.75,SARIMA
37,1,1,1,1,1,2.56,0.013458,0.016748,45.51,-341.1807744502125,4,Residuals are independent and uncorrelated.,343.75,SARIMA
37,1,1,1,1,2,2.55,0.013411,0.016707,45.77,-339.6189541409265,4,Residuals are independent and uncorrelated.,26375.0,SARIMA
37,1,1,1,1,3,2.57,0.013517,0.016836,44.93,-337.6189676655385,4,Residuals are independent and uncorrelated.,74703.125,SARIMA
37,1,1,1,2,0,2.36,0.012447,0.015437,53.71,-341.6187126345859,4,Residuals are independent and uncorrelated.,21937.5,SARIMA
37,1,1,1,2,1,2.55,0.013433,0.016767,45.39,-339.15814632273975,4,Residuals are independent and uncorrelated.,20703.125,SARIMA
37,1,1,1,2,2,2.56,0.013494,0.016808,45.12,-337.61896589069823,4,Residuals are independent and uncorrelated.,28890.625,SARIMA
37,1,1,1,2,3,2.59,0.013634,0.016983,43.97,-335.61840476959065,4,Residuals are independent and uncorrelated.,77812.5,SARIMA
37,1,1,1,3,0,2.36,0.012448,0.015436,53.71,-339.6152999132635,4,Residuals are independent and uncorrelated.,65703.125,SARIMA
37,1,1,1,3,1,2.53,0.01335,0.016678,45.96,-337.0960725991113,4,Residuals are independent and uncorrelated.,76296.875,SARIMA
37,1,1,1,3,2,2.57,0.013537,0.016863,44.76,-335.61887755485947,4,Residuals are independent and uncorrelated.,75984.375,SARIMA
37,1,1,1,3,3,2.59,0.013605,0.016946,44.21,-333.61897426754246,4,Residuals are independent and uncorrelated.,76265.625,SARIMA
38,1,1,1,0,0,7.33,0.032685,0.041698,-104.61,-244.10542869973352,1,Residuals are independent and uncorrelated.,0.0,SARIMA
38,1,1,1,0,1,4.2,0.018626,0.024832,27.44,-263.4690132358114,1,Residuals are independent and uncorrelated.,218.75,SARIMA
38,1,1,1,0,2,4.21,0.018405,0.022934,38.1,-265.93804800185785,1,Residuals are independent and uncorrelated.,17687.5,SARIMA
38,1,1,1,0,3,4.08,0.017849,0.02226,41.69,-263.95530858708076,1,Residuals are independent and uncorrelated.,31921.875,SARIMA
38,1,1,1,1,0,3.87,0.016944,0.021597,45.11,-267.95531375276545,1,Residuals are independent and uncorrelated.,78.125,SARIMA
38,1,1,1,1,1,4.08,0.017818,0.02223,41.85,-265.9553104847453,1,Residuals are independent and uncorrelated.,171.875,SARIMA
38,1,1,1,1,2,4.07,0.017792,0.022206,41.97,-263.9553118924072,1,Residuals are independent and uncorrelated.,12718.75,SARIMA
38,1,1,1,1,3,4.11,0.017951,0.022364,41.14,-261.955313287777,1,Residuals are independent and uncorrelated.,45234.375,SARIMA
38,1,1,1,2,0,3.87,0.016945,0.021597,45.11,-265.95531191683864,1,Residuals are independent and uncorrelated.,9421.875,SARIMA
38,1,1,1,2,1,4.12,0.01801,0.022431,40.79,-263.9547021324721,1,Residuals are independent and uncorrelated.,14093.75,SARIMA
38,1,1,1,2,2,4.11,0.017955,0.022368,41.12,-261.9553099861946,1,Residuals are independent and uncorrelated.,13875.0,SARIMA
38,1,1,1,2,3,4.13,0.018032,0.02245,40.69,-259.95531139955966,1,Residuals are independent and uncorrelated.,46328.125,SARIMA
38,1,1,1,3,0,3.87,0.016944,0.021597,45.11,-263.9553149435416,1,Residuals are independent and uncorrelated.,36765.625,SARIMA
38,1,1,1,3,1,4.12,0.018011,0.022431,40.79,-261.95491612377845,1,Residuals are independent and uncorrelated.,41187.5,SARIMA
38,1,1,1,3,2,4.11,0.017975,0.022389,41.01,-259.9553125123729,1,Residuals are independent and uncorrelated.,61546.875,SARIMA
38,1,1,1,3,3,4.13,0.018059,0.022481,40.53,-257.95531400469997,1,Residuals are independent and uncorrelated.,61484.375,SARIMA
39,1,1,1,0,0,20.36,0.320759,0.360035,-195.4,-239.22693141297378,4,Residuals are independent and uncorrelated.,46.875,SARIMA
39,1,1,1,0,1,9.74,0.152706,0.18095,25.38,-247.49225123902625,4,Residuals are independent and uncorrelated.,328.125,SARIMA
39,1,1,1,0,2,6.86,0.106687,0.131825,60.4,-242.4703976811952,4,Residuals are correlated.,28406.25,SARIMA
39,1,1,1,0,3,8.34,0.131094,0.156892,43.9,-241.70074311054265,4,Residuals are correlated.,69906.25,SARIMA
39,1,1,1,1,0,8.44,0.13255,0.159154,42.28,-247.80589016270346,4,Residuals are independent and uncorrelated.,500.0,SARIMA
39,1,1,1,1,1,8.35,0.130996,0.157544,43.44,-245.8036697057707,4,Residuals are independent and uncorrelated.,281.25,SARIMA
39,1,1,1,1,2,8.4,0.131727,0.158236,42.94,-243.80066273018775,4,Residuals are independent and uncorrelated.,30328.125,SARIMA
39,1,1,1,1,3,8.49,0.133451,0.15986,41.76,-241.80660979941615,4,Residuals are independent and uncorrelated.,84281.25,SARIMA
39,1,1,1,2,0,10.41,0.163429,0.180499,25.75,-244.58338240831227,4,Residuals are independent and uncorrelated.,25656.25,SARIMA
39,1,1,1,2,1,9.89,0.15545,0.174009,31.0,-243.81279521671496,4,Residuals are independent and uncorrelated.,31781.25,SARIMA
39,1,1,1,2,2,10.66,0.16732,0.185029,21.98,-241.3515547145338,4,Residuals are independent and uncorrelated.,26093.75,SARIMA
39,1,1,1,2,3,9.99,0.157017,0.174884,30.3,-239.81030789316162,4,Residuals are independent and uncorrelated.,68531.25,SARIMA
39,1,1,1,3,0,10.82,0.16984,0.186531,20.71,-243.71719304086184,4,Residuals are independent and uncorrelated.,73156.25,SARIMA
39,1,1,1,3,1,10.02,0.15753,0.175647,29.69,-241.8133025824851,4,Residuals are independent and uncorrelated.,75453.125,SARIMA
39,1,1,1,3,2,10.08,0.158845,0.177704,28.04,-236.79093023872116,4,Residuals are independent and uncorrelated.,80171.875,SARIMA
39,1,1,1,3,3,9.77,0.153507,0.172241,32.39,-237.794233568494,4,Residuals are independent and uncorrelated.,92218.75,SARIMA
40,1,1,1,0,0,7.8,0.081227,0.114085,23.15,-178.13033986021898,4,Residuals are independent and uncorrelated.,31.25,SARIMA
40,1,1,1,0,1,5.73,0.058889,0.077023,64.97,-193.52288533353465,4,Residuals are independent and uncorrelated.,937.5,SARIMA
40,1,1,1,0,2,5.09,0.051416,0.067461,73.13,-195.36720593069668,4,Residuals are independent and uncorrelated.,19843.75,SARIMA
40,1,1,1,0,3,4.79,0.047683,0.063858,75.92,-193.96946771076347,4,Residuals are independent and uncorrelated.,56718.75,SARIMA
40,1,1,1,1,0,3.85,0.039053,0.052634,83.64,-198.13730825271716,4,Residuals are independent and uncorrelated.,125.0,SARIMA
40,1,1,1,1,1,4.63,0.046515,0.060929,78.08,-197.39617813208363,4,Residuals are independent and uncorrelated.,187.5,SARIMA
40,1,1,1,1,2,4.48,0.045022,0.05931,79.23,-194.66333652933932,4,Residuals are independent and uncorrelated.,20125.0,SARIMA
40,1,1,1,1,3,4.67,0.046937,0.061581,77.61,-193.0672286218425,4,Residuals are independent and uncorrelated.,71328.125,SARIMA
40,1,1,1,2,0,4.05,0.041301,0.055883,81.56,-197.48615190289698,4,Residuals are independent and uncorrelated.,25656.25,SARIMA
40,1,1,1,2,1,5.18,0.051547,0.068061,72.65,-194.80802982825244,4,Residuals are independent and uncorrelated.,19046.875,SARIMA
40,1,1,1,2,2,4.47,0.04454,0.058801,79.59,-191.8914651331246,4,Residuals are independent and uncorrelated.,29593.75,SARIMA
40,1,1,1,2,3,4.87,0.048575,0.063891,75.9,-190.75359593617267,4,Residuals are independent and uncorrelated.,72562.5,SARIMA
40,1,1,1,3,0,4.04,0.041159,0.055491,81.82,-195.60113325091854,4,Residuals are independent and uncorrelated.,78000.0,SARIMA
40,1,1,1,3,1,4.54,0.045009,0.059615,79.02,-191.59689635845714,4,Residuals are independent and uncorrelated.,77875.0,SARIMA
40,1,1,1,3,2,4.44,0.043539,0.056555,81.12,-188.47214577334262,4,Residuals are correlated.,71937.5,SARIMA
40,1,1,1,3,3,5.28,0.052658,0.068733,72.11,-188.8120725156508,4,Residuals are independent and uncorrelated.,87640.625,SARIMA
41,1,1,1,0,0,19.13,0.262626,0.293502,-147.06,-234.28320112003732,4,Residuals are independent and uncorrelated.,0.0,SARIMA
41,1,1,1,0,1,8.95,0.123576,0.146944,38.07,-244.72623244830385,4,Residuals are independent and uncorrelated.,156.25,SARIMA
41,1,1,1,0,2,5.23,0.072279,0.09269,75.36,-245.4038503984985,4,Residuals are independent and uncorrelated.,17062.5,SARIMA
41,1,1,1,0,3,5.4,0.074604,0.093463,74.95,-243.40408759405506,4,Residuals are independent and uncorrelated.,60281.25,SARIMA
41,1,1,1,1,0,5.52,0.076026,0.09318,75.1,-247.32199169338185,4,Residuals are independent and uncorrelated.,171.875,SARIMA
41,1,1,1,1,1,7.2,0.099591,0.119696,58.91,-243.9372866684854,4,Residuals are independent and uncorrelated.,296.875,SARIMA
41,1,1,1,1,2,6.4,0.088431,0.107409,66.91,-242.33474339706964,4,Residuals are independent and uncorrelated.,21234.375,SARIMA
41,1,1,1,1,3,5.48,0.075726,0.094161,74.57,-241.40395636590864,4,Residuals are independent and uncorrelated.,63671.875,SARIMA
41,1,1,1,2,0,5.86,0.08082,0.097909,72.51,-245.40295198987548,4,Residuals are independent and uncorrelated.,104906.25,SARIMA
41,1,1,1,2,1,6.91,0.095554,0.115328,61.85,-241.61600522717163,4,Residuals are independent and uncorrelated.,108828.125,SARIMA
41,1,1,1,2,2,5.57,0.077057,0.095402,73.9,-241.3787997060677,4,Residuals are independent and uncorrelated.,36890.625,SARIMA
41,1,1,1,2,3,6.81,0.093798,0.112833,63.49,-237.98531497085895,4,Residuals are independent and uncorrelated.,116750.0,SARIMA
41,1,1,1,3,0,5.82,0.080249,0.097358,72.81,-243.40375578009372,4,Residuals are independent and uncorrelated.,340437.5,SARIMA
41,1,1,1,3,1,6.09,0.083835,0.102793,69.7,-240.34356509914164,4,Residuals are independent and uncorrelated.,156984.375,SARIMA
41,1,1,1,3,2,5.55,0.0766,0.094736,74.26,-239.4039280170615,4,Residuals are independent and uncorrelated.,276578.125,SARIMA
41,1,1,1,3,3,5.6,0.077304,0.095259,73.97,-237.40382841794786,4,Residuals are independent and uncorrelated.,86421.875,SARIMA
42,1,1,1,0,0,7.09,0.042596,0.051676,-9.25,-185.23673608025018,4,Residuals are correlated.,234.375,SARIMA
42,1,1,1,0,1,4.52,0.026747,0.032749,56.12,-218.44847890429585,4,Residuals are correlated.,1359.375,SARIMA
42,1,1,1,0,2,3.63,0.021324,0.026105,72.12,-234.7886398422613,4,Residuals are independent and uncorrelated.,18968.75,SARIMA
42,1,1,1,0,3,3.45,0.020114,0.024435,75.57,-243.97890364567672,4,Residuals are independent and uncorrelated.,53953.125,SARIMA
42,1,1,1,1,0,3.54,0.020311,0.025534,73.33,-260.9359544219256,4,Residuals are independent and uncorrelated.,78.125,SARIMA
42,1,1,1,1,1,3.39,0.019493,0.024871,74.69,-258.93913450064537,4,Residuals are independent and uncorrelated.,187.5,SARIMA
42,1,1,1,1,2,3.38,0.019471,0.025064,74.3,-256.9242220801265,4,Residuals are independent and uncorrelated.,30687.5,SARIMA
42,1,1,1,1,3,3.38,0.019459,0.02513,74.16,-254.9231391167811,4,Residuals are independent and uncorrelated.,53984.375,SARIMA
42,1,1,1,2,0,3.54,0.020313,0.02554,73.31,-258.93679452417973,4,Residuals are independent and uncorrelated.,35203.125,SARIMA
42,1,1,1,2,1,3.43,0.019708,0.024881,74.67,-256.92405133497215,4,Residuals are independent and uncorrelated.,22281.25,SARIMA
42,1,1,1,2,2,3.39,0.019512,0.024914,74.61,-254.9233303593868,4,Residuals are independent and uncorrelated.,25203.125,SARIMA
42,1,1,1,2,3,3.39,0.019502,0.02495,74.53,-252.92372638172588,4,Residuals are independent and uncorrelated.,67781.25,SARIMA
42,1,1,1,3,0,3.54,0.020343,0.025521,73.35,-256.92449303388054,4,Residuals are independent and uncorrelated.,55171.875,SARIMA
42,1,1,1,3,1,3.42,0.01969,0.024884,74.67,-254.92674144862082,4,Residuals are independent and uncorrelated.,65468.75,SARIMA
42,1,1,1,3,2,3.39,0.019521,0.024906,74.62,-252.92385994334848,4,Residuals are independent and uncorrelated.,63078.125,SARIMA
42,1,1,1,3,3,3.39,0.019507,0.024936,74.56,-250.92359591099762,4,Residuals are independent and uncorrelated.,83296.875,SARIMA
43,1,1,0,0,0,5.05,0.032393,0.039306,-41.65,-255.49826582835266,4,Residuals are independent and uncorrelated.,0.0,SARIMA
43,1,1,0,0,1,8.91,0.05663,0.060888,-239.91,-277.02187592452026,4,Residuals are independent and uncorrelated.,125.0,SARIMA
43,1,1,0,0,2,9.93,0.062866,0.067064,-312.36,-280.7042693883326,4,Residuals are independent and uncorrelated.,18218.75,SARIMA
43,1,1,0,0,3,6.36,0.040377,0.047906,-110.42,-274.73385709063274,4,Residuals are independent and uncorrelated.,78171.875,SARIMA
43,1,1,0,1,0,4.82,0.030894,0.041809,-60.27,-279.27673430471265,4,Residuals are independent and uncorrelated.,234.375,SARIMA
43,1,1,0,1,1,9.4,0.059477,0.064281,-278.85,-281.52975912110355,4,Residuals are independent and uncorrelated.,218.75,SARIMA
43,1,1,0,1,2,10.62,0.067068,0.071489,-368.58,-279.7347388792719,4,Residuals are independent and uncorrelated.,19000.0,SARIMA
43,1,1,0,1,3,8.73,0.055256,0.060851,-239.5,-276.77659354373543,4,Residuals are independent and uncorrelated.,62359.375,SARIMA
43,1,1,0,2,0,4.71,0.029909,0.037237,-27.13,-261.2092828743009,4,Residuals are independent and uncorrelated.,20890.625,SARIMA
43,1,1,0,2,1,6.96,0.044096,0.051329,-141.56,-274.1101330404279,4,Residuals are independent and uncorrelated.,20531.25,SARIMA
43,1,1,0,2,2,5.01,0.031786,0.039614,-43.88,-260.29478376719305,4,Residuals are independent and uncorrelated.,23500.0,SARIMA
43,1,1,0,2,3,8.41,0.053173,0.059844,-228.36,-268.41651829564626,4,Residuals are independent and uncorrelated.,79703.125,SARIMA
43,1,1,0,3,0,4.7,0.029868,0.03726,-27.29,-259.2033389526014,4,Residuals are independent and uncorrelated.,68828.125,SARIMA
43,1,1,0,3,1,7.99,0.050568,0.057495,-203.09,-270.70730129600923,4,Residuals are independent and uncorrelated.,64093.75,SARIMA
43,1,1,0,3,2,4.94,0.031268,0.039001,-39.46,-253.16663757482542,4,Residuals are independent and uncorrelated.,73281.25,SARIMA
43,1,1,0,3,3,4.94,0.031264,0.038357,-34.89,-262.2933038075018,4,Residuals are independent and uncorrelated.,99609.375,SARIMA
44,1,1,1,0,0,8.14,0.027239,0.031169,-167.16,-297.7962574843797,4,Residuals are independent and uncorrelated.,0.0,SARIMA
44,1,1,1,0,1,5.83,0.019463,0.022985,-45.28,-301.55917548943114,4,Residuals are independent and uncorrelated.,250.0,SARIMA
44,1,1,1,0,2,5.53,0.018472,0.021964,-32.66,-299.67043602950986,4,Residuals are independent and uncorrelated.,23812.5,SARIMA
44,1,1,1,0,3,5.57,0.018577,0.0221,-34.31,-297.6780170976574,4,Residuals are independent and uncorrelated.,44140.625,SARIMA
44,1,1,1,1,0,5.3,0.017695,0.020823,-19.23,-301.56072496370945,4,Residuals are independent and uncorrelated.,109.375,SARIMA
44,1,1,1,1,1,5.5,0.018342,0.021651,-28.91,-299.67802301126864,4,Residuals are independent and uncorrelated.,156.25,SARIMA
44,1,1,1,1,2,5.48,0.01831,0.021619,-28.52,-297.6010122835201,4,Residuals are independent and uncorrelated.,20937.5,SARIMA
44,1,1,1,1,3,5.5,0.018364,0.021718,-29.7,-295.6768442450398,4,Residuals are independent and uncorrelated.,71187.5,SARIMA
44,1,1,1,2,0,5.42,0.018071,0.02115,-23.01,-299.6780186360338,4,Residuals are independent and uncorrelated.,25312.5,SARIMA
44,1,1,1,2,1,5.5,0.01837,0.021707,-29.57,-297.67802413735984,4,Residuals are independent and uncorrelated.,22484.375,SARIMA
44,1,1,1,2,2,5.5,0.018351,0.021664,-29.06,-295.6779739160743,4,Residuals are independent and uncorrelated.,27375.0,SARIMA
44,1,1,1,2,3,5.51,0.018376,0.021712,-29.64,-293.6769855273484,4,Residuals are independent and uncorrelated.,64328.125,SARIMA
44,1,1,1,3,0,5.42,0.018097,0.021172,-23.26,-297.67766329217983,4,Residuals are independent and uncorrelated.,67375.0,SARIMA
44,1,1,1,3,1,5.51,0.018381,0.021719,-29.72,-295.67750986905673,4,Residuals are independent and uncorrelated.,62250.0,SARIMA
44,1,1,1,3,2,5.5,0.01834,0.021648,-28.87,-293.6780279727967,4,Residuals are independent and uncorrelated.,70000.0,SARIMA
44,1,1,1,3,3,5.5,0.018357,0.021697,-29.46,-291.67765948080574,4,Residuals are independent and uncorrelated.,85187.5,SARIMA
45,1,1,1,0,0,17.74,0.14782,0.186651,-90.0,-185.10198313310534,4,Residuals are independent and uncorrelated.,0.0,SARIMA
45,1,1,1,0,1,12.74,0.10548,0.1328,3.82,-183.90569783830472,4,Residuals are independent and uncorrelated.,140.625,SARIMA
45,1,1,1,0,2,12.8,0.105909,0.132804,3.81,-181.90570739823013,4,Residuals are independent and uncorrelated.,24671.875,SARIMA
45,1,1,1,0,3,12.92,0.106696,0.133067,3.43,-179.90535310905318,4,Residuals are independent and uncorrelated.,84812.5,SARIMA
45,1,1,1,1,0,12.8,0.106358,0.135441,-0.05,-183.90568913495318,4,Residuals are independent and uncorrelated.,250.0,SARIMA
45,1,1,1,1,1,12.69,0.105305,0.133892,2.23,-181.90571593692079,4,Residuals are independent and uncorrelated.,234.375,SARIMA
45,1,1,1,1,2,12.72,0.105622,0.134345,1.57,-179.90551633071584,4,Residuals are independent and uncorrelated.,28187.5,SARIMA
45,1,1,1,1,3,12.69,0.105284,0.133707,2.5,-177.90570671930777,4,Residuals are independent and uncorrelated.,73671.875,SARIMA
45,1,1,1,2,0,12.86,0.106816,0.135974,-0.83,-181.9053267049597,4,Residuals are independent and uncorrelated.,26734.375,SARIMA
45,1,1,1,2,1,12.7,0.105431,0.134057,1.99,-179.90567720240136,4,Residuals are independent and uncorrelated.,25062.5,SARIMA
45,1,1,1,2,2,12.67,0.105173,0.133772,2.41,-177.9046462766202,4,Residuals are independent and uncorrelated.,26328.125,SARIMA
45,1,1,1,2,3,12.68,0.105286,0.133849,2.29,-175.90571628090217,4,Residuals are independent and uncorrelated.,73031.25,SARIMA
45,1,1,1,3,0,12.76,0.106038,0.135059,0.52,-179.9056843123397,4,Residuals are independent and uncorrelated.,72343.75,SARIMA
45,1,1,1,3,1,12.68,0.105229,0.133687,2.53,-177.9056640892215,4,Residuals are independent and uncorrelated.,66703.125,SARIMA
45,1,1,1,3,2,12.69,0.105282,0.133766,2.41,-175.9056869477661,4,Residuals are independent and uncorrelated.,90609.375,SARIMA
45,1,1,1,3,3,12.68,0.105241,0.133611,2.64,-173.90570882813054,4,Residuals are independent and uncorrelated.,83437.5,SARIMA
